-- phpMyAdmin SQL Dump
-- version 5.2.1
-- https://www.phpmyadmin.net/
--
-- Servidor: 127.0.0.1
-- Tiempo de generación: 12-11-2024 a las 21:32:21
-- Versión del servidor: 10.4.32-MariaDB
-- Versión de PHP: 8.2.12

SET SQL_MODE = "NO_AUTO_VALUE_ON_ZERO";
START TRANSACTION;
SET time_zone = "+00:00";


/*!40101 SET @OLD_CHARACTER_SET_CLIENT=@@CHARACTER_SET_CLIENT */;
/*!40101 SET @OLD_CHARACTER_SET_RESULTS=@@CHARACTER_SET_RESULTS */;
/*!40101 SET @OLD_COLLATION_CONNECTION=@@COLLATION_CONNECTION */;
/*!40101 SET NAMES utf8mb4 */;

--
-- Base de datos: `blogsky`
--

-- --------------------------------------------------------

--
-- Estructura de tabla para la tabla `articulos`
--

CREATE TABLE `articulos` (
  `id_articulos` int(11) NOT NULL,
  `titulo` varchar(255) NOT NULL,
  `extracto` text NOT NULL,
  `fecha` datetime NOT NULL,
  `contenido` text NOT NULL,
  `Defensores` varchar(2000) NOT NULL,
  `Mediocampistas` varchar(2000) NOT NULL,
  `Delanteros` varchar(2000) NOT NULL,
  `Director técnico` varchar(60) NOT NULL,
  `imagen` varchar(255) NOT NULL,
  `categoria` varchar(80) NOT NULL,
  `id_club` int(11) NOT NULL,
  `keywords` varchar(200) NOT NULL,
  `id_usuario` int(11) NOT NULL
) ENGINE=InnoDB DEFAULT CHARSET=utf8mb4 COLLATE=utf8mb4_general_ci;

--
-- Volcado de datos para la tabla `articulos`
--

INSERT INTO `articulos` (`id_articulos`, `titulo`, `extracto`, `fecha`, `contenido`, `Defensores`, `Mediocampistas`, `Delanteros`, `Director técnico`, `imagen`, `categoria`, `id_club`, `keywords`, `id_usuario`) VALUES
(2, 'San Lorenzo: Los cuervos de Boedo', 'Club Atlético San Lorenzo de Almagro', '1905-04-03 00:00:00', 'San Lorenzo de Almagro, comúnmente conocido como San Lorenzo, es uno de los clubes de fútbol más emblemáticos de Argentina. Fundado el 1 de abril de 1908, el club lleva el nombre de San Lorenzo de Roma, el patrono de los pobres, en honor a su vínculo con la comunidad. Desde sus inicios, San Lorenzo se destacó por su pasión y dedicación al fútbol. A lo largo de su historia, el club ha obtenido numerosos títulos en competiciones nacionales e internacionales. Entre sus mayores logros se encuentra la conquista de la Copa Libertadores en 2014, un hito que consolidó su estatus en el fútbol sudamericano. El equipo es conocido como \'El Ciclón\', y su camiseta, a rayas azul y roja, es un símbolo de orgullo para sus hinchas. San Lorenzo tiene una rica cultura de pertenencia, que se refleja en su famoso estadio, el Pedro Bidegain, popularmente conocido como \'El Nuevo Gasómetro\', que alberga a miles de fanáticos en cada partido. San Lorenzo mantiene una histórica rivalidad con Huracán, otro club de Buenos Aires, lo que hace que sus enfrentamientos sean conocidos como el \'Clásico del Barrio\'. Estas duelas generan una atmósfera única y una gran expectativa entre los aficionados. Además de su éxito deportivo, San Lorenzo es reconocido por su compromiso social. El club ha trabajado en diversos programas comunitarios y de inclusión, reafirmando su conexión con la comunidad de Boedo, donde se encuentra su sede. En conclusión, San Lorenzo no solo es un club de fútbol; es un símbolo de identidad, cultura y comunidad. Con una rica historia y una base de seguidores apasionados, continúa siendo un referente en el fútbol argentino y sudamericano. La pasión por el \'Ciclón\' trasciende generaciones, convirtiéndolo en un verdadero ícono del deporte en el país.', '', '', '', '', 'img/images.png', 'Fútbol | Historia', 3, 'dsfdg dfggrt', 0),
(6, 'Independiente: El Rey de Copas', 'Club Atlético Independiente de Avellaneda', '2024-10-01 00:00:00', 'Fundado el 1 de enero de 1905, Independiente es uno de los clubes más prestigiosos del fútbol argentino y mundial. Conocido como \'El Rey de Copas\', ha logrado un récord de siete Copas Libertadores, lo que lo posiciona como uno de los equipos más destacados de la historia.\\n\\nEl Estadio Libertadores de América, hogar del club, es un símbolo de orgullo para sus hinchas, quienes son conocidos por su ferviente apoyo.\\n\\nLa rivalidad con Racing Club, conocido como el Clásico de Avellaneda, es uno de los enfrentamientos más intensos del país, generando una atmósfera eléctrica cada vez que se encuentran en la cancha.\\n\\nIndependiente también se involucra en actividades sociales, apoyando diversas iniciativas comunitarias, reafirmando su compromiso con la sociedad y sus seguidores.', '', '', '', '', '', 'Fútbol | Historia', 5, 'Fútbol', 0),
(14, 'Boca Juniors: Historia azul y oro', 'Club Atlético Boca Juniors', '1905-04-03 00:00:00', 'El Club Atlético Boca Juniors, conocido simplemente como Boca, es uno de los clubes de fútbol más emblemáticos de Argentina y del mundo. Fundado el 3 de abril de 1905 en el barrio de La Boca, Buenos Aires, Boca lleva el nombre de su localidad de origen y es un símbolo de la identidad cultural de la clase trabajadora. Desde sus inicios, Boca Juniors se destacó por su pasión por el fútbol. A lo largo de su rica historia, el club ha obtenido numerosos títulos en competiciones nacionales e internacionales, incluyendo la Copa Libertadores, donde es uno de los equipos más laureados con seis conquistas. Este éxito ha consolidado su estatus en el fútbol sudamericano y mundial.\r\nConocido como \'Los Xeneizes\', Boca juega con una camiseta azul y oro, que se ha convertido en un símbolo de orgullo para sus hinchas. Su estadio, La Bombonera, es famoso por su atmósfera vibrante y ha sido testigo de innumerables momentos memorables en la historia del club. Este recinto alberga a miles de aficionados en cada partido, creando un ambiente único que solo se vive en Boca. Boca Juniors mantiene una intensa rivalidad con River Plate, conocida como el Superclásico, que es uno de los encuentros más emocionantes y esperados del mundo del fútbol. Estos partidos generan una gran expectativa entre los aficionados y son un verdadero espectáculo que trasciende el deporte.\r\nAdemás de su éxito deportivo, Boca es reconocido por su compromiso con la comunidad y su impacto social. El club ha implementado diversos programas que fomentan la inclusión y el desarrollo juvenil, reafirmando su conexión con los barrios populares de Buenos Aires. En conclusión, Boca Juniors no es solo un club de fútbol; es un símbolo de identidad, cultura y pasión. \r\nCon una rica historia y una base de seguidores leales, continúa siendo un referente en el fútbol argentino y sudamericano. La devoción por Boca trasciende generaciones, convirtiéndolo en un verdadero ícono del deporte en el país.', '', '', '', '', 'img/boca.png', 'Fútbol | Historia', 1, 'Fútbol', 0),
(27, 'River Plate: La cuna de los campeones del mundo', 'Club Atlético River Plate', '1901-03-25 00:00:00', 'El Club Atlético River Plate, fundado el 25 de mayo de 1901 en el barrio de La Boca en Buenos Aires, Argentina, es uno de los clubes de fútbol más importantes y exitosos de América del Sur y del mundo. Su creación fue el resultado de la fusión de dos equipos: Santa Rosa y La Rosales, que buscaban formar un club más fuerte y representativo. Desde sus inicios, River se destacó por su estilo de juego elegante y su enfoque en la formación de jóvenes talentos. En 1908, el club se mudó a su actual sede en el barrio de Núñez, donde construyó el icónico estadio Monumental, que se inauguró en 1938 y es el estadio más grande de América del Sur. A lo largo de su historia, River Plate ha tenido una fuerte rivalidad con Boca Juniors, otro de los grandes del fútbol argentino, y el Superclásico entre ambos equipos es considerado uno de los partidos más apasionantes del mundo del fútbol. En las primeras décadas del siglo XX, River Plate se consolidó como uno de los clubes más exitosos de Argentina, ganando varios campeonatos nacionales. Durante los años 30, el equipo logró un dominio notable en el fútbol argentino, obteniendo múltiples títulos de la liga y estableciendo una base sólida para su éxito futuro. En la década de 1940, River continuó cosechando triunfos y se destacó por la calidad de sus jugadores, muchos de los cuales se convirtieron en leyendas del club, como Alfredo Di Stéfano, quien, aunque se destacó en varios equipos, comenzó su carrera en River. Durante los años 50, River Plate vivió su época dorada, ganando la Copa Libertadores en 1986 y 1996, consolidándose como un gigante en el fútbol sudamericano. En este período, también se introdujeron cambios importantes en la organización del club y en la forma de gestionar el fútbol, sentando las bases para el éxito a largo plazo. En los años 80, River Plate vivió un periodo de altibajos, enfrentando desafíos tanto en el ámbito deportivo como en el institucional. A pesar de esto, el club logró recuperarse y volver a posicionarse como un contendiente en el fútbol argentino e internacional. La llegada de técnicos exitosos y jugadores de calidad permitió que River Plate mantuviera su prestigio en el ámbito nacional y sudamericano. Durante los años 2000, River continuó cosechando títulos, destacando la obtención de la Copa Sudamericana en 2014, un logro significativo que reafirmó su estatus en el continente. Sin embargo, el club también enfrentó dificultades, como el descenso a la segunda división en 2011, un hecho impactante que generó una gran tristeza entre sus hinchas. No obstante, la reacción del club y sus seguidores fue notable, y en 2012, River Plate logró regresar a la Primera División, donde continuó construyendo su historia. En los años recientes, River Plate ha vuelto a ser protagonista en el fútbol argentino e internacional, ganando nuevamente la Copa Libertadores en 2018, en un histórico enfrentamiento contra Boca Juniors en Madrid, que se convirtió en un hito en la historia del club y del fútbol argentino. La pasión de su hinchada, conocida como \"Los Millonarios\", y la rica historia del club han contribuido a su legado, convirtiéndolo en uno de los equipos más respetados y admirados en el mundo del fútbol. River Plate no solo se destaca por sus triunfos, sino también por su compromiso con la formación de jóvenes talentos y su impacto en la cultura del fútbol argentino, convirtiéndose en un símbolo de identidad para sus seguidores y un referente en la historia del deporte en el país. A lo largo de más de un siglo de historia, River Plate ha forjado una identidad única y ha dejado una huella imborrable en el corazón de sus hinchas y en la historia del fútbol mundial.', '', '', '', '', '', 'Fútbol', 2, 'Fútbol', 0),
(32, 'Racing Club: El Primer Heptacampeón', 'Racing Club de Avellaneda', '1903-03-25 00:00:00', 'Racing Club, fundado el 25 de marzo de 1903 en Avellaneda, Buenos Aires, es uno de los clubes más históricos y emblemáticos del fútbol argentino. Su creación fue impulsada por un grupo de jóvenes apasionados por el deporte, que buscaban establecer una institución que promoviera el fútbol en la región. Desde sus inicios, Racing se destacó por su competitividad y su compromiso con el desarrollo del deporte.\r\n\r\nA lo largo de los años, el club comenzó a cosechar éxitos. Su primer campeonato llegó en 1913, lo que marcó el inicio de una era de logros que consolidó a Racing como uno de los grandes del fútbol argentino. Durante las décadas de 1920 y 1930, Racing continuó sumando títulos, destacándose en la liga local y ganando popularidad entre los aficionados.\r\n\r\nLa década de 1960 fue, sin duda, la época dorada de Racing. En 1967, el club hizo historia al convertirse en el primer equipo argentino en ganar la Copa Libertadores, uno de los torneos más prestigiosos de América del Sur. Este logro catapultó a Racing a la fama internacional, y su equipo se ganó el apodo de \"La Academia\", en reconocimiento a su estilo de juego y su capacidad para desarrollar talento.\r\n\r\nSin embargo, el éxito no duró para siempre. A finales de los años 70 y durante la década de 1980, Racing enfrentó una grave crisis económica y deportiva. La situación se volvió tan complicada que en 1983 el club descendió a la segunda división. Este descenso fue un duro golpe para la institución y sus hinchas, quienes habían vivido años de gloria.\r\n\r\nA pesar de los desafíos, Racing nunca dejó de luchar por su regreso a la elite del fútbol argentino. En 1985, el club logró ascender nuevamente a la Primera División, y aunque los años siguientes estuvieron marcados por altibajos, Racing comenzó a recuperar su identidad y su lugar en el fútbol argentino.\r\n\r\nEn las últimas décadas, Racing ha trabajado arduamente para restablecerse como un competidor serio en el ámbito nacional e internacional. Ha logrado títulos en diversas competiciones, incluyendo la Copa Argentina y el campeonato de la Primera División, y ha demostrado ser un club capaz de desarrollar y atraer talento.\r\n\r\nRacing Club también es conocido por su fervorosa hinchada, que acompaña al equipo en cada partido, convirtiendo el estadio Presidente Perón en un verdadero fortín. Esta conexión entre el club y sus seguidores ha sido fundamental para el renacimiento de Racing en el fútbol argentino.\r\n\r\nHoy en día, Racing continúa siendo un símbolo de orgullo para sus hinchas y una institución comprometida con el desarrollo del fútbol. Con una rica historia y una base sólida de seguidores, Racing Club sigue siendo una parte integral del paisaje del fútbol argentino y un competidor respetado en todas las competiciones en las que participa.', '', '', '', '', '', 'Fútbol | Historia', 4, 'Fútbol', 0),
(34, 'San Lorenzo da por hecha la llegada de Miguel Ángel Russo como DT, en su segundo ciclo con el Ciclón: “Está todo dado”', 'El presidente Marcelo Moretti lo imagina dirigiendo este domingo.\r\nEstá todo arreglado y firmaría contrato hasta diciembre de 2025.\r\nEl debut sería con Barracas Central, en la vuelta del Gallego Insua.', '2024-10-16 00:00:00', 'La pelota está en los pies de Miguel Angel Russo. Como en sus tiempos de mediocampista. Marcelo Moretti le hizo una propuesta económica y hoy lo espera cara a cara para terminar de ultimar detalles. “Está todo dado”, le confió el presidente a Clarín. De no mediar inconvenientes, el domingo estará sentado en el banco para dirigir a San Lorenzo ante Barracas Central. Será un partido con algo de morbo, ya que el técnico del conjunto visitante es Rubén Darío Insua, nada menos.\r\n\r\nHasta ahora, las charlas entre Moretti y Russo fueron virtuales. El dinero no sería un impedimento, más allá de que es lo único que falta acordar para que se firme el contrato hasta diciembre de 2025. Hubo algunas diferencias en el inicio de las conversaciones, pero en las últimas horas se acercaron las partes. El técnico llegará acompañado por Claudio Ubeda, su ayudante de campo; Julio Rey, el preparador físico, y Juvenal Rodríguez, un ex futbolista colombiano que trabaja en su equipo como analista de videos.\r\n\r\nSan Lorenzo pondrá su propio hombre para sumarse al cuerpo técnico de Russo. Se trata de Gabriel Martínez Poch, técnico y metodólogo que trabajó con Insua en 2022, antes de partir al Cibao de República Dominicana.\r\n\r\n\r\n\r\nRusso dirigió a San Lorenzo hace 16 años, durante la temporada 2008-2009. Llegó a la final del campeonato que terminó perdiendo a manos de Boca en un triangular en el que también participó Tigre. Fueron 36 partidos al frente del equipo azulgrana, con 17 victorias, 5 empates y 14 derrotas, alcanzando una eficacia del 52%.\r\n\r\nEl técnico deberá poner su ciclo rápidamente en marcha, ya que Moretti quiere recuperar a un plantel que viene con algunas turbulencias. Sobre todo, en el vestuario. Con 68 años y la mitad de ellos como entrenador, Russo es un técnico capaz de manejar el grupo con su sabia mano. Hace dos meses dejó Rosario Central y, muy a pesar de la enfermedad que sufrió, se encuentra entero y con ganas de volver al ruedo.\r\n\r\nMiguel Ángel Russo, campeón con Rosario Central en diciembre pasado. Foto: Marcelo Carroll.Miguel Ángel Russo, campeón con Rosario Central en diciembre pasado. Foto: Marcelo Carroll.\r\nMientras tanto, Damián Ayude se hizo cargo interinamente del plantel, que intentará no perder el ritmo para llegar en condiciones al choque con Barracas Central. En ese sentido, a la dirigencia no le cayó nada bien la designación de Luis Lobo Medina como árbitro del partido por los antecedentes. Russo lo sufrió en Rosario Central, casualmente ante el equipo de Claudio Tapia, presidente de la AFA.', '', '', '', '', '', 'Fútbol | Noticias', 3, 'Fútbol', 0),
(35, 'Fernando Gago asumió como nuevo DT de Boca: “Siempre fue mi deseo estar acá”', 'El entrenador tomó las riendas del plantel y fue presentado en conferencia de prensa por Riquelme.\r\n\r\n', '2024-10-14 00:00:00', 'Fernando Gago fue presentado oficialmente como nuevo director técnico de Boca Juniors en una conferencia de prensa junto al presidente Juan Román Riquelme en el predio de Ezeiza. El exmediocampista, que reemplaza a Diego Martínez, dirigió su primera práctica y expresó la emoción de regresar al club donde se formó.\r\n\r\n“Son muchas sensaciones, la parte emotiva y de recuerdos de todo lo vivido en esta institución que me hizo crecer como persona. Hoy me toca estar en otro lugar. Voy a intentar dar lo mejor de mí”, afirmó Gago, quien se mostró decidido a alcanzar grandes objetivos con el equipo.\r\n\r\n\r\n\r\nRiquelme, por su parte, le dio una cálida bienvenida: “Para todos los hinchas de Boca es un día muy importante. Cuando alguien vuelve a casa es un día muy especial. Los bosteros estamos todos muy contentos. Te deseamos que disfrutes mucho”.\r\n\r\nEn cuanto a su proyecto, Gago aclaró su postura respecto al rendimiento de los jugadores: “El plan con los referentes es igual: el que entrene va a jugar. Se los dije a los futbolistas. El que entrene al máximo se ganará un lugar”.\r\n\r\n\r\nEl debut de Gago como DT de Boca será el próximo sábado a las 19:15, cuando el Xeneize visite a Tigre por la fecha 18 de la Liga Profesional. Con experiencia previa en Aldosivi, Racing y Chivas de Guadalajara, Gago enfrenta el desafío de mejorar el rendimiento del equipo para mantener viva la pelea en la Copa Argentina y recuperar terreno en la liga.\r\n\r\nAdemás, el gran objetivo es alcanzar la clasificación a la Copa Libertadores 2025, para lo cual el nuevo entrenador aseguró: “Este equipo va a intentar ganar todo lo que juegue”.', '', '', '', '', '', 'Fútbol | Noticias', 1, 'Fútbol', 0),
(37, 'Independiente venció a Lanús y se metió en zona de copas', 'El Rojo se impuso al Granate con goles de Mancuello y Ávalos y quedó en puestos de clasificación a la Sudamericana.\r\n', '2024-10-19 00:00:00', 'Fue un triunfo con un valor enorme para Independiente. El Rojo dio el golpe en La Fortaleza, le sacó cinco puntos de ventaja a Lanús en la tabla anual y se metió en zona de copas, a la espera de otros resultados de rivales directos. Una victoria que se realza por haber vencido a un semifinalista de la Sudamericana, que puso titulares a pesar de que el miércoles visitará a Cruzeiro.\r\n\r\n\r\nEl partido arrancó torcido para el visitante. El hecho de que Rey haya sido quien más trabajo tuvo en el primer tiempo refleja que el Granate fue el equipo que impuso condiciones. Marcone tuvo poco auxilio para contener, presionar y recuperar y la mitad de la cancha se le hizo demasiado ancha, por lo que el local dispuso de espacios para elaborar por el centro. El fastidio de Vaccari fue la evidencia más empírica de que el plan del entrenador no funcionó. Los volantes del Rojo estuvieron muy estáticos y hubo fallas al intentar salir jugando con pelota dominada porque no aparecían receptores libres. El conjunto de Zielinski cortó el juego de la visita desde la raíz e intentó levantar vuelo cuando aceleraron Salvio, Moreno y Carrera, los encargados de acelerar.\r\n\r\n\r\nEl equipo de Avellaneda no se sintió cómodo en esos primeros 45 minutos y no encontró los caminos. Montiel y Tarzia nunca quedaron mano a mano para desequilibrar. Y Ávalos bien pudo haber gozado de un retiro espiritual involuntario en el área contraria porque estuvo más solo que Tom Hanks en Náufrago.\r\n\r\nPero la fortuna le hizo un guiño a Vaccari en el complemento. Independiente comenzó con las mismas dificultades, pero Mancuello, con un zurdazo exquisito y digno de sus mejores tiempos, rompió el partido tras una jugada hilvanada por Tarzia y Ávalos. Fue un golpe de suerte para el técnico del Rojo, quien justo había mandado a calentar a Santi López y David Martínez para reemplazar a Tarzia y al autor del gol.\r\n\r\n\r\nEl quiebre del partido\r\nLanús se desdibujó y se derrumbó a partir de esa acción. Quedó descompensado y muy desorientado. Perdió el orden e Independiente supo sacar provecho de ese momento de desconcierto. Tras la expulsión de Boggio, quien le metió una patada en la cara a Loyola, para el Rojo comenzaron a aparecer los espacios que no habían surgido en los 45’ iniciales. El visitante fue letal de contragolpe, con un Ávalos que jugó al límite del offside, que siempre estuvo atento al último hombre y exhibió su oficio de delantero para definir con clase y bajarle el telón al partido.\r\n\r\nLanús transita una dualidad: lleva nueve partidos sin ganar por la Liga y se aferra a la Sudamericana. Independiente ganó en la Fortaleza por torneo tras 18 años, acumula diez encuentros sin caer por el campeonato y sueña con cumplir el único objetivo que le queda en pie: sacar el pasaporte del cajón para volver al plano internacional.\r\n\r\n\r\n', '', '', '', '', '', 'Fútbol | Noticias', 5, '.', 0),
(38, 'La probable formación de River para visitar a Atlético Mineiro', 'Gallardo define los últimos detalles del equipo la ida de la semi de la Libertadores: podría haber cambio de esquema.', '2024-10-22 00:00:00', 'Todo empieza a quedar listo para esta apasionante semifinal de Copa Libertadores. Y Marcelo Gallardo, en esa línea, termina de ultimar los detalles finales para la formación que parará en Belo Horizonte, pensando que será una serie larga y que muy probablemente se vayan presentando diferentes escenarios a los que River deberá estar preparado. Por eso, el DT evalúa con bastante factibilidad la idea de parar nuevamente una línea de tres defensores, en un esquema que podría parecerse al del reciente superclásico en la Bombonera.\r\n\r\n\r\nCon Bustos recuperado de su pequeño desgarro en el sóleo derecho y titular este martes contra Atlético Mineiro, la principal duda por estas horas pasa por si el Muñeco opta por sacar a un volante de juego para sumar a un central. Pasándolo a apellidos, en caso de que el cambio de esquema se imponga, habrá que ver si el sacrificado para que entre González Pirez es Meza (tras su vuelta a las canchas el viernes sin un buen rendimiento, su presencia depende de si el DT evalúa que está a tope o no) o Nacho Fernández.\r\n\r\n¿Qué puede llevar a Gallardo a poner una especie de 3-5-2? Con el buen antecedente de lo hecho contra Boca, River ganaría en amplitud (Bustos y Acuña jugarían bien abiertos y estarían respaldados), altura en la defensa y solidez (en ese Súper, no le patearon en el primer tiempo), además de prácticamente espejar el esquema que más usa Milito y podría poner en la noche de Belo Horizonte (3-4-3). Sí, tener la cantidad de centrales necesaria para poder tomar mano a mano al tridente Hulk-Deyverson-Paulinho no es poca cosa, sabiendo que la semana que viene todo se define en el Monumental.\r\n\r\n\r\nCon respecto al equipo que viene de empatar ante Vélez, Gallardo meterá al menos tres cambios, que podrían transformarse en cuatro si hay línea de tres: la mencionada vuelta de Bustos (entra por Casco), el regreso del Huevo Acuña luego de su contractura en el isquiotibial izquierdo y de haber sumado 31\' en la última fecha (reemplaza a Enzo Díaz) y Colidio por el Diablito Echeverri para acompañar de mejor manera a un Borja que viene de reencontrarse con el gol.\r\n\r\nLa probable formación de River para visitar a Atlético Mineiro\r\nArmani; González Pirez o Meza, Pezzella, P. Díaz; Bustos, Simón, Kranevitter, Nacho Fernández o Meza, Acuña; Borja y Colidio.\r\n\r\nLa probable formación de Atlético Mineiro\r\nEverson; Lyanco, Battagalia, J. Alonso; Scarpa, Otávio, A. Franco o F. Vera, Arana; Hulk, Deyverson y Paulinho.', '', '', '', '', '', 'Fútbol | Noticias', 2, '.', 0),
(39, 'Muniain, capitán de San Lorenzo: la explicación de Russo y el reconocimiento de los hinchas', 'El entrenador, que en el triunfo ante Barracas por 1-0 inició su segundo ciclo en el club, dio las razones por las que le entregó la cinta al español.El entrenador, que en el triunfo ante Barracas por 1-0 inició su segundo ciclo en el club, dio las razones por las que le entregó la cinta al español.', '2024-10-21 00:00:00', 'La elección del DT se da en un contexto complejo porque quien llevaba el brazalete hasta el momento era Gastón Campi, quien venía siendo resistido por algunos hinchas. En la conferencia de prensa posterior al encuentro, cuando le preguntaron sobre el cambio de capitanía, Russo dio una respuesta cómplice con una frase que repitió a lo largo de su carrera: \"Son decisiones\".\r\n\r\nNo obstante, más tarde profundizó en esa decisión y reveló que mantuvo una charla con el zaguero para comunicarle el cambio: \"Es una lección por historia. Yo lo hablé con Campi, está todo bien y en orden\". A su vez, remarcó: \"El vasco tiene mucha experiencia y juega en un lugar de la cancha en el que está continuamente cerca del árbitro\".\r\nLa elección de Russo fue muy bienvenida por los hinchas del Ciclón que, después de recibir al equipo entre insultos, todo el estadio ovacionó al exjugador de Athletic Bilbao cuando fue reemplazado a los 75 minutos por Nahuel Barrios.\r\n\r\nAhí se vivió otro momento particular porque a pesar de que estaba Campi en cancha, la cinta se la quedó el Perrito, quien no venía teniendo minutos con Leandro Romagnoli y estuvo cerca de irse a Lanús. \"Soy de la idea que gente del club tiene que ser capitán\", señaló Russo y concluyó: \"No importa (que venía no jugando), cuando entró, lo hizo bárbaro. Son cosas simples y ustedes le dan mucha trascendencia\".', '', '', '', '', '', 'Fútbol | Noticias', 3, '.', 0),
(40, 'Atento Racing: cómo afrontará el partido Corinthians, apremiado por el descenso', 'El equipo brasileño afrontará la serie con una actualidad alarmante en el Brasileirao, la prioridad de Ramón Díaz.', '2024-10-21 00:00:00', 'Corinthians debe afrontar las semifinales de la Copa Sudamericana en medio de una situación apremiante para el equipo en el Brasileirao al encontrarse en zona de descenso directo. \r\n\r\nEl equipo de Ramón y Emiliano Díaz es uno de los cuatro que actualmente perdería la categoría: está 17° en la tabla de posiciones con 32 puntos. El cierre de octubre y el comienzo de noviembre será importante tanto en el ámbito local como en el internacional. \r\n\r\nLuego de quedar eliminado de la Copa de Brasil en semifinales, el \"Timao\" afrontará un cargado cronograma con cuatro partidos en dos semanas tanto por Sudamericana como por el Brasileirao: 24/10 vs. Racing, 28/10 vs. Cuiabá, 31/10 vs. Racing y 5/11 vs. Palmeiras. \r\n\r\nMemphis Depay, una de las máximas figuras de Corinthians \r\nMemphis Depay, una de las máximas figuras de Corinthians\r\nCómo afrontará Corinthians la serie contra Racing \r\nRamón Díaz habló en rueda de prensa y señaló que, pese a que el foco del equipo es asegurarse la permanencia en el Brasileirao, no descuidarán la competencia internacional. \"Todas las copas son importantes, pero la prioridad es siempre el Brasileirao\", señaló. \r\n\r\n\"Vamos a tratar de poner siempre lo mejor. Sabemos que son dos partidos, pero nosotros en nuestra casa queremos ganar. Si el equipo mantiene la calma y sigue teniendo esa presión que viene teniendo, ocasiones vamos a tener. Por supuesto, son partidos decisivos, que jugando de local, con nuestra gente y todo, vamos a tratar de ganar\", enfatizó, sobre la serie con la \"Academia\". \r\n\r\nLuego completó: \"Siempre son partidos complicados, pero hay que mantener la calma. Nos prepararemos mental y tácticamente para tratar de ganarlo\". ', '', '', '', '', '', 'Fútbol | Noticias', 4, '.', 0),
(41, 'Qué le queda a Independiente en la pelea por clasificarse a la Sudamericana', 'El Rojo ganó los últimos dos partidos y se metió entre los que estarían ingresando a la próxima edición del torneo internacional.', '2024-10-21 00:00:00', 'Las dos victorias de Independiente en la Liga Profesional, ante Lanús en la Fortaleza el pasado viernes y frente a Riestra el domingo 6 de octubre en Avellaneda, pusieron al equipo de Julio Vaccari en zona de clasificación a la Copa Sudamericana 2025, el gran objetivo del club.\r\nLas seis unidades que sumó le permitieron al Rojo posicionarse como el anteúltimo equipo que, por el momento, estaría accediendo al certamen, ya que acumula 48 puntos en el año, uno más que Unión, el último que obtendría el boleto junto a Argentinos, Boca, Huracán y Racing.\r\n\r\nSin embargo, lejos está de asegurarse un lugar, sobre todo si se tiene en cuenta la irregularidad que supo mostrar a lo largo del campeonato. La realidad es que las próximas jornadas tendrá cruces con rivales directos en la pelea por la Sudamericana, después de haberse quedado lejos de la Libertadores tras ser eliminado de la Copa Argentina.\r\nLos nueve partidos que le quedan a Independiente en la Liga Profesional\r\nEntre los cruces que, a priori, serán claves para los de Vaccari son el próximo frente a Godoy Cruz  (hoy en zona de Libertadores), en la 21 contra el Tatengue, la siguiente ante Huracán (si sale campeón iría a la Libertadores directo), y Boca en la última.                                               \r\n', '', '', '', '', '', 'Fútbol | Noticias', 5, '.', 0),
(42, 'A Gago le preocupa el nivel de titulares y referentes', 'De cara al trascendental duelo del miércoles ante Gimnasia La Plata en el Parque Independencia de Rosario por los cuartos de final de la Copa Argentina, el flamante entrenador xeneize evalúa cambios.', '2024-10-22 00:00:00', 'Luego de la ruidosa caída 3-0 del último sábado ante Tigre, el plantel de Boca trabajó por segundo día consecutivo en el predio de Ezeiza, donde el entrenador Fernando Gago comenzó a ensayar algunos cambios con vistas al trascendental partido del miércoles ante Gimnasia, a partir de las 21.10 en el estadio Marcelo Bielsa de Rosario, por los cuartos de final de la Copa Argentina.\r\n\r\nEl entrenamiento de este lunes no fue abierto a la prensa, pero se pudo saber que el flamante director técnico piensa implementar algunos cambios en la mitad de la cancha, ya que observó que el equipo no tiene la tenencia del balón que pretende. \r\n\r\nSi bien el hermetismo con el que se maneja el cuerpo técnico no permite aseverar cuáles serán las mentadas modificaciones, en las entrañas del predio de Ezeiza se concluyó que hubo \"niveles bajos\" en sectores clave.\r\nIgnacio Miramón era la gran apuesta de Gago, quien decidió pararlo como cinco. Pero la tarea del ex Gimnasia La Plata no terminó de convencer, por lo que las alternativas podrían ser Guillermo \"Pol\" Fernández -indultado pese a su firme decisión de emigrar a fines de año- o Tomás Belmonte. \r\n\r\nAsimismo, si bien ante Tigre también se observaron bajos rendimientos en Marcos Rojo, Edinson Cavani y Sergio Romero, el técnico los considera referentes. \r\n\r\nEn el caso particular del experimentado arquero, su regreso tras los dos partidos de sanción por el altercado con los plateístas en La Bombonera en la derrota ante River no fue el esperado. Romero fue titular en Victoria, pero con el 0-3 y algunas flojas reacciones volvieron los cuestionamientos. Acerca de si respetará la titularidad del ex arquero mundialista, el DT respondió: \"No, es partido a partido. Cada uno se gana el lugar en el equipo en el entrenamiento\".\r\n\r\nDesde la derrota en el Superclásico, la figura de Leandro Brey ganó peso, sobre todo por sus buenas actuaciones ante Belgrano de Córdoba y Argentinos Juniors. La actualidad del juvenil de 22 años oscila entre ser el arquero del futuro y el del presente aunque, en su debut como entrenador, Gago apostó por la experiencia y la jerarquía de \"Chiquito\". Quién estará bajo los tres palos este miércoles por ahora es un gran interrogante.', '', '', '', '', '', 'Fútbol | Noticias', 1, '.', 0),
(43, 'En qué canal pasan Atlético Mineiro vs. River por la Copa Libertadores 2024 hoy', 'El encuentro de ida de las semifinales se disputa este martes desde las 21.30 en Belo Horizonte; la revancha será una semana después en el Monumental', '2024-10-22 00:00:00', 'Atlético Mineiro y River Plate se enfrentan este martes desde las 21.30 en el MRV Arena de Belo Horizonte con arbitraje del venezolano Jesús Valenzuela en el partido de ida de las semifinales de la Copa Libertadores 2024.\r\n\r\nEl partido se transmite en vivo en la Argentina a través de Telefé y Fox Sports, canales que se pueden sintonizar online en las plataformas digitales Flow, DGO, Telecentro Play y Disney+. En todos los casos se requiere ser cliente de un cableoperador o suscriptor para acceder al contenido. Además, en canchallena.com se puede seguir el minuto a minuto con información y estadísticas actualizadas al instante.\r\nEl historial entre ambos equipos tiene cuatro antecedentes, todos por el mismo certamen. La última vez que se cruzaron fue en 2021 por los cuartos de final con triunfo 4 a 0 del conjunto brasileño en el global. En la ida se impuso 1 a 0 en el Monumental y en la revancha, 3 a 0.\r\nLa previa de Mineiro vs. River\r\nLa serie tiene cara a cara a los dos mejores clubes de la etapa de grupos. El brasilero, conducido por el argentino Gabriel Milito, fue el segundo mejor club con 15 unidades en la zona G gracias a cinco victorias y una caída ante Peñarol de Uruguay. En octavos dejó atrás a San Lorenzo por un global de 2 a 1 -1 a 1 en el Nuevo Gasómetro y 1 a 0 de local- y en cuartos doblegó al último campeón de la Copa Libertadores, Fluminense, también por 2 a 1 -perdió 1 a 0 la ida y ganó 2 a 0 la vuelta-.\r\n\r\nSe trata de uno de los favoritos a quedarse con el título del certamen internacional por rendimiento y la calidad de su plantel, en el que están los argentinos Renzo Saravia, Fausto Vera, Rodrigo Battaglia, Alan Franco, y Matías Zaracho. De andar irregular en el Brasileirão, en el que marcha noveno con 41 unidades, el objetivo primordial del club de Belo Horizonte es volver a conquistar América y, también, ganar la Copa de Brasil, certamen en el que avanzó a la final al igualar con Vasco Da Gama 1 a 1 -en la ida sonrió 2 a 1-.\r\n\r\nHulk es el máximo referente de Atlético Mineiro, al que dirige el argentino Gabriel Milito\r\nHulk es el máximo referente de Atlético Mineiro, al que dirige el argentino Gabriel Milito\r\nAlexandre Schneider - Getty Images South America\r\n\r\nEl Millonario fue el mejor de la primera etapa con el liderazgo en el H gracias a 16 puntos producto de cinco triunfos y un empate. Tras la salida de Martín Demichelis como DT, Marcelo Gallardo tomó la posta desde octavos de final en adelante y su equipo eliminó a Talleres de Córdoba por un global de 3 a 1 -1 a 0 en la ida de visitante y 2 a 1 en la vuelta como local- y, en cuartos de final, a Colo Colo de Chile 2 a 1 -1 a 1 en al primer encuentro y 1 a 0 en el Monumental de la Ciudad de Buenos Aires-.\r\n\r\nLejos de la pelea por el título en la Liga Profesional tras igualar con Vélez 1 a 1 en su última presentación, el único invicto de la Copa Libertadores apunta de lleno el certamen continental cuya final se jugará en su estadio el 30 de noviembre. Es decir, frente a Mineiro es el último juego que tiene como visitante en el torneo y es una presión extra porque lo ubica como el máximo candidato a levantar el trofeo. Para el encuentro venidero el entrenador cuenta con Marcos Acuña y Fabricio Bustos, quienes se recuperaron de sendas lesiones y están a disposición. De hecho, el ‘Huevo’ sumó minutos vs. el Fortín.\r\n\r\nPosibles formaciones\r\n\r\nAtlético Mineiro: Éverson; Lyanco, Rodrigo Battaglia, Junior Alonso, Gustavo Scarpa, Álan Franco, Fausto Vera, Guilherme Arana, Hulk, Deyverson y Paulinho. DT: Gabriel Milito.\r\nRiver: Franco Armani; Fabricio Bustos, Germán Pezzella, Paulo Díaz, Marcos Acuña; Santiago Simón, Matías Kranevitter, Ignacio Fernández, Manuel Lanzini; Facundio Colidio y Miguel Borja. DT: Marcelo Gallardo.\r\nLa previa de Atlético Mineiro vs. River, por la ida de semifinales de la Copa Libertadores 2024\r\nLa previa de Atlético Mineiro vs. River, por la ida de semifinales de la Copa Libertadores 2024\r\nCanchallena\r\nEn la previa, el favorito al triunfo según los pronósticos de las apuestas es el local con una cuota máxima de 2.28 contra 4.0 que cotiza su derrota, es decir una victoria del local. El empate llega a 3.21.\r\n\r\nLa revancha de la serie se jugará el martes 29 de octubre a las 21.30 en el estadio Monumental. El que se imponga avanzará a la definición y esperará por el vencedor de la llave entre Botafogo de Brasil y Peñarol de Uruguay, que comenzará este miércoles en Río de Janeiro y terminará siete días después en Montevideo.\r\n\r\n\r\n', '', '', '', '', '', 'Fútbol | Noticias', 2, '.', 0),
(44, 'Racing recupera jugadores y Costas prepara el equipo titular para enfrentar a Corinthians', 'Racing Club tiene la cabeza puesta en el partido de ida de las semifinales de la Copa Sudamericana ante Corinthians y Gustavo Costas recupera a todos los jugadores lesionados, excepto Roger Martínez. Ante este panorama, Luciano Vietto podría ser titular. El duelo lo podrás ver en vivo por Disney+ (solo para Sudamérica).', '2024-10-22 00:00:00', 'El entrenador de La Academia tendrá disponible a prácticamente todo el plantel de cara al encuentro en Brasil, salvo por el delantero colombiano que está desgarrado.\r\n\r\nRelacionado\r\n\r\nCuándo se juegan las semifinales de la Sudamericana 2024: fixture, fecha y hora de los partidos\r\n23h\r\n\r\nEn el partido de la fecha, Racing le ganó 4-3 a Defensa y Justicia\r\n3d\r\n\r\nRacing tuvo su gran noche copera, eliminó a Paranaense y se metió en las semifinales de la CONMEBOL Sudamericana\r\n26dIván Fradkin\r\nPensando en esta baja y el buen nivel que mostró Vietto en el partido frente a Defensa y Justicia, es el gran candidato a ir desde el arranque como hombre de referencia.\r\n\r\nAdemás, Marco Di Césare, Santiago Quirós y Gabriel Rojas dejaron atrás sus dolencias y los tres serían titulares ante Corinthians.\r\n\r\nSumado a ellos, Juanfer Quintero está en óptimas condiciones para regresar al once inicial\r\n\r\nTeniendo en cuenta estos regresos, el posible equipo de Racing sería: Gabriel Arias; Gastón Martirena, Marco Di Cesare, Santiago Quirós, Gabriel Rojas; Santiago Sosa, Juan Nardoni, Agustín Almendra, Juanfer Quintero; Adrián Martínez y Luciano Vietto.\r\n\r\nCuándo juegan: fecha, hora y TV en vivo\r\nEl partido entre Corinthians y Racing será el jueves 24 de octubre desde las 21:30 (ARG, URU, CHI), 19:30 (COL, ECU, PER) y se podrá ver en vivo por Disney+ (solo para Sudamérica).', '', '', '', '', '', 'Fútbol | Noticias', 4, '.', 0),
(45, 'River fue aplastado por Mineiro con una gran actuación de Deyverson', 'Gallardo, contundente tras la goleada de River ante Mineiro: \"No salió absolutamente nada\"', '1901-03-25 00:00:00', 'Marcelo Gallardo habló en conferencia de prensa tras la durísima derrota de River en el Arena MRV y, pese a que no descartó que el Millo pueda dar vuelta la historia, fue contundente en torno a como jugó su equipo y a las fallas que tuvo para no poder controlar el resultado.\r\n\r\nAdmitiendo que todo lo que se buscó no se pudo encontrar y que River fue controlado en todo momento, Gallardo admitió sus errores: “No salió absolutamente nada de lo que planificamos e intentamos desarrollar en la previa”, soltó con un ánimo que demuestra como quedó el equipo.\r\nAnalizando los problemas que tuvo su equipo, Gallardo comentó que fue difícil remontar ya que “cuando no fluye, es difícil hacer un análisis”. Además, destacó que “fuimos un equipo que sufrió en todas las líneas y con un rival con jerarquía eso lo pagás caro“.\r\nPor otro lado, pensando quizás en las cosas que debería cambiar River de cara a la vuelta en el Monumental de Núñez, Gallardo fue sincero sobre lo que vio en un Millonario que en su consideración estuvo lejos de cumplir el objetivo: “No fuimos el equipo duro que queríamos ser”.\r\n', '', '', '', '', '', 'Fútbol | Noticias', 2, '.', 0),
(46, 'La formación de Boca vs. Gimnasia, por los cuartos de final de la Copa Argentina', 'El Xeneize tiene una parada crucial en apenas el segundo partido de Gago como entrenador y habrá algunos cambios para buscar el pasaje a semifinales.', '2024-10-23 00:00:00', 'Aunque pueda parecer exagerado, Boca se juega gran parte de 2025 en esta parada clave en Rosario. En su segundo partido como entrenador del club, Fernando Gago se ve ante la obligación de avanzar en la Copa Argentina, certamen en el que este miércoles enfrentará a Gimnasia por los cuartos de final y que le puede otorgar al Xeneize la plaza para la Copa Libertadores del año que viene. Por eso, intentará sacudir con algunos cambios a un equipo que mostró poco en su debut. \r\nSi bien tiene una idea muy concreta de cómo le gusta que jueguen sus equipos, el DT se encuentra ante el dilema de darle rodaje a un esquema que no funcionó en su debut y necesita aceitarse o buscar ir a lo seguro para obtener un resultado tan inmediato como necesario. Por eso, variar el 4-3-3 del último sábado es una posibilidad, para pasar a un 4-2-3-1.\r\n\r\nCon una defensa que se mantendría inalterable, a pesar de ciertos cuestionamientos a Marcos Rojo, la primera gran duda está en el arco. Sergio Romero no está en su mejor nivel y, bajo de confianza, está en el centro de la polémica por errores y, principalmente, por aquel altercado con los plateístas tras la derrota ante River en el superclásico. Habrá que ver si Gago se decide por él o por Leandro Brey, el pibe que pide pista. \r\nEn tanto, en la mitad también hay futbolistas que no conformaron en la presentación del entrenador. Ignacio Miramón, llamado a ser el 5 de este ciclo, no tuvo un gran partido en Victoria y salió reemplazado. La idea sería la de brindarle más apoyo con el ingreso de Tomás Belmonte, que ingresaría por Cristian Medina, otro de los que bajó su nivel. Kevin Zenón, también en la mira, aunque seguirá entre los 11. \r\n\r\nEn tanto, en la ofensiva, la idea de Gago no es rearmar el doble 9, pero sí darle más centralidad a Miguel Merentiel, que como extremo ante Tigre no tuvo una noche destacada. El ex-Defensa y Justicia iría de 9, con Edinson Cavani detrás suyo y, a los costados, el propio Zenón y, la gran novedad, Exequiel Zeballos. El Changuito presiona con buenas apariciones y podría ser titular en el Coloso si sale Brian Aguirre.                                   La probable formación de Boca vs. Gimnasia, por la Copa Argentina\r\nSergio Romero o Leandro Brey; Luis Advíncula, Aaron Anselmino, Marcos Rojo, Lautaro Blanco; Tomás Belmonte, Ignacio Miramón; Kevin Zenón, Edinson Cavani, Exequiel Zeballos o Brian Aguirre; Miguel Merentiel. ', '', '', '', '', '', 'Fútbol | Noticias', 1, '.', 0),
(47, 'La renuncia y despedida de Diego Martínez, con un mensaje al hincha de Boca', 'El entrenador se sentó en conferencia de prensa, tras la derrota 2 a 0 con Belgrano, y anunció que renunció en el vestuario -con Juan Román Riquelme presente- tras la caída ante el Pirata.\r\n\r\n', '2024-09-29 00:00:00', 'Diego Martínez confirmó su renuncia a su cargo como entrenador de Boca, en la conferencia de prensa posterior a la derrota por 2-0 en condición de visitante ante Belgrano en Córdoba. De esta manera le puso fin al ciclo que comenzó en enero de este año y duró 45 partidos, de los cuales el Xeneize ganó 21, empató 13 y perdió 11.\r\n\"Hoy no va a haber el ida y vuelta que tenemos para hablar de fútbol, simplemente para informarles que presenté la renuncia. Hablé primero con la gente del Consejo, después con el presidente y después con los futbolistas. No vamos a continuar de nuestra función como Cuerpo Técnico\", inició el ex Huracán y Tigre.\r\n\r\nMartínez ahondó en los motivos por los cuales tomó la determinación de renunciar a su puesto tras la tercer caída consecutiva en la Liga Profesional 2024, que se sumó a las derrotas con Racing y River. \"Agradecer a la institución, agradecer al presidente por confiar en mí para llevar adelante una idea. Creo que en este momento, más allá de sentir que somos todos un poco responsables, es lo más sano por ahí la decisión es que nosotros dejemos el cargo. Tratar de esa manera que los muchachos puedan salir adelante de este difícil momento. Nuevamente agradecerle a toda la gente del club, con la gente que compartí el día a día, los dirigentes por confiar en nosotros, a los futbolistas principalmente por llevar adelante nuestra idea, nuestras maneras, nuestras formas\", continuó.\r\n\"Lo único, y lo más importante que queríamos, que queríamos es que Boca juegue bien al fútbol y que gane cada fin de semana. Por momentos lo logramos, por momentos no lo hemos podido lograr. Así que creo que lo mejor creo que es que demos un paso a costado nosotros\", aseguró.\r\n\r\nEl cierre de Martínez y sus últimas palabras como entrenador Xeneize fueron dedicadas a los hinchas por el cariño que le brindaron durante su ciclo de casi diez meses al frente del Club de la Ribera. Y finalizó: \"Por último, agradecer a la gente, que sinceramente, sin tener un tener un nombre importante en la historia del club, desde el primer día y hasta el día ayer y en cada momento nos ha brindado un apoyo increíble, un cariño realmente increíble que no sé si lo merecíamos, así que pedirles disculpas pero sobre todo agradecerles porque lo que nos brindaron estos nueve meses. El mensaje es este, no hay ida y vuelta\".\r\n\r\n\r\n', '', '', '', '', '', 'Fútbol | Noticias', 1, '.', 0),
(48, 'River le ganó a Boca un Superclásico caliente y festejó en La Bombonera', 'River le ganó a Boca con gol de Manuel Lanzini y se quedó con un Superclásico infartante por el Torneo de la Liga, a días del partido con Colo Colo por la CONMEBOL Libertadores.', '2024-10-21 00:00:00', 'Desde el inicio, el Millonario salió a jugar en La Bombonera. A pesar de presentar un equipo muletto -con solo tres titulares-, pensando en la vuelta ante el Cacique del próximo martes, River se plantó en campo contrario y buscó dominar la pelota, una marca registrada de la primera etapa de Marcelo Gallardo en Núñez.\r\n\r\nEl Xeneize, que desde el comienzo pareció cargar (y padecer) la presión de contar con la responsabilidad, tanto por su situación en el campeonato como por el XI rival, no encontró respuestas futbolísticas. Durante el primer tiempo, le costó mucho llegar, y la única vez que se acercó a Franco Armani fue en el marco de una jugada que venía de una clara posición adelantada.\r\n\r\nLa Liga Profesional, por ESPN Premium\r\n\r\n\r\nEl fútbol argentino se disfruta a través de ESPN Premium.\r\n\r\nSelecciones Editoriales\r\n\r\nManu Lanzini se destapó y marcó el gol de la victoria de River frente a Boca en el Superclásico\r\n32d\r\n\r\nPor una falta a los 5 segundos sobre Cavani, Gattoni vio la amarilla en el Superclásico\r\n31d\r\n\r\nLa Bombonera le dio un estruendoso recibimiento a Boca en el Superclásico\r\n31d\r\nSin el control del mediocampo de otros partidos, principalmente los jugados en La Bombonera, Boca sufrió los 45 minutos iniciales. Y River, fresco, más suelto, aprovechó.\r\n\r\nEl golpe de gracia lo dio Lanzini, que volvió a gritar un gol con la banda roja después de más de 10 años, y justamente en el mismo estadio: el 1-0 parcial del Ramirazo (terminó 2-1) había sido su segundo tanto en el Estadio Alberto J. Armando.\r\n\r\nHoy, a los 20 minutos, habilitó a Facundo Colidio, muy activo en ataque, que enganchó hacia afuera y probó a Sergio Romero. Chiquito, cuestionado durante las últimas semanas, dio un rebote largo que le llegó a Lanzini, quien de primera la mandó a guardar, estampó el 1 a 0 y se besó el escudo.\r\n\r\nplay\r\n1:27\r\n¡Se adelantó River! Gol de Lanzini en la BomboneraEl 10 capturó un rebote largo de Romero y estampó el 1-0 ante Boca en el Superclásico.\r\nLos siguientes minutos, el equipo de Gallardo continuó dominando el encuentro, e incluso coqueteó con el gol en un par de ocasiones a partir de sus movedizos delanteros, Colidio -Romero le achicó muy bien tras un error de Rojo- y Adam Bareiro.\r\n\r\nPero con el correr del cotejo, la visita empezó a ceder terreno y pelota, y Boca, con más empuje que fútbol, creció. En el primer tiempo no llegó, pero en el complemento, que contó con varios cambios, que fueron desconfigurando las posturas iniciales de los equipos, quedó al tiro del empate.\r\n\r\nUna de las más claras fue de Luis Advíncula, siempre sacrificado, que aprovechó un despeje tras un córner -el local tuvo 11, contra 0 de su rival- y sacó un zurdazo que no fue gol porque el travesaño no lo quiso. Martínez siguió moviendo el banco, y hasta sacó a Edinson Cavani, de floja tarde, y a Marcos Rojo, que podría haber sido expulsado y recibió algunos silbidos de la hinchada, buscando torcer el destino del partido. Armani se agigantó en el tiempo agregado y le ahogó el grito a Zeballos.\r\n\r\nPero el estadio explotó definitivamente a los 52 minutos, el último de los añadidos por Nicolás Ramírez, de flojísima actuación. Tras un tiro libre, Milton Giménez le ganó a Armani en el área y convirtió el 1 a 1, desatando la locura de todos los locales, pero su conquista fue anulada, revisión en el VAR mediante, porque había tocado la pelota con la mano. Por la protesta, Cristian Lema recibió la segunda amonestación y fue expulsado.\r\nAntes de la derrota en cancha de Racing, que caldeó los ánimos en el conjunto azul y oro, el DT no había perdido clásicos oficiales. Ahora, en una semana, recibió un par de golpes duros que lo alejan de la zona de Copas y lo ponen en tela de juicio. El equipo se fue reprobado por los hinchas, inmerso en un clima caliente.\r\n\r\nDel otro lado, River sale fortalecido de un encuentro en el que, a juzgar por los nombres, no era candidato. Se plantó en una cancha que históricamente le fue adversa, ganó merecidamente y llega envalentonado a uno de los partidos más importantes del año: recibirá a Colo Colo en el Monumental desde las 21:30 del próximo martes, con transmisión de Disney+.\r\n\r\nEn el Torneo de la Liga, el Millonario alcanzó los 24 puntos en 15 fechas, mientras que el Xeneize, que sigue con vida en la Copa Argentina, se estancó en 21 unidades, aunque solo ganó en una de sus últimas seis presentaciones, En la Tabla Anual, los de Núñez suman 51 puntos y son escoltas de Vélez, en tanto Boca suma 46 porotos.', '', '', '', '', '', 'Fútbol | Noticias', 1, '.', 0);
INSERT INTO `articulos` (`id_articulos`, `titulo`, `extracto`, `fecha`, `contenido`, `Defensores`, `Mediocampistas`, `Delanteros`, `Director técnico`, `imagen`, `categoria`, `id_club`, `keywords`, `id_usuario`) VALUES
(49, 'Boca perdió ante Cruzeiro por penales y quedó eliminado en los octavos de final de la Copa Sudamericana', 'El Xeneize cayó 5-4 en los tiros desde los doce pasos después de igualar 2-2 en los 180 minutos. Miguel Merentiel falló la pena máxima que dejó afuera al cuadro de la Ribera', '2024-08-22 00:00:00', 'El Xeneize mostró una gran personalidad para llevar el encuentro hasta las últimas instancias, luego de sobrellevar un trámite adverso por la expulsión temprana de Luis Advíncula y los dos goles de Cruzeiro en 11 minutos que dieron vuelta la eliminatoria en un suspiro. El descuento convertido por Milton Giménez le dio vida a la visita y, luego de ser superior en la parte final y aguantar los ataques rivales, llevó la historia a los tiros desde los doce pasos.\r\n\r\nEn ese momento, se destacó la eficacia de los primeros nueve ejecutantes con disparos potentes a la red hasta que llegó el turno de Miguel Merentiel. El atacante arrojó su intento por encima del travesaño y, con él, se esfumó el sueño de los dirigidos por Diego Martínez en el ámbito continental. Mientras tanto, su rival clasificó a los cuartos de final, ronda en la que se enfrentará a Libertad de Paraguay.\r\nDEFINICIÓN POR PENALES\r\n\r\nCruzeiro: William (GOL), Matheus Henrique (GOL), Marlon (GOL), Juan Dinenno (GOL), Alvaro Barreal (GOL).\r\n\r\nBoca Juniors: Marcos Rojo (GOL), Cristian Lema (GOL), Lautaro Blanco (GOL), Jorge Figal (GOL), Miguel Merentiel (FALLÓ).\r\nBoca Juniors mostró una mejor cara en la segunda parte ante un Cruzeiro que se acordó de salir a jugar en el cuarto de hora final. Sergio Romero, Marcos Rojo, Cristian Lema y el palo evitaron la caída del Xeneize, que resistió con 10 hombres y estiró la definición a los penales.', '', '', '', '', '', 'Fútbol | Noticias', 1, '.', 0),
(50, 'Alarma para Vaccari: la joya de Independiente a la que busca un gigante de Europa', 'Una joya de Independiente es seguida por un gigante de Europa y hay alarma en el entrenador Julio Vaccari, que podría quedarse sin un jugador con proyección para el futuro cercano.', '2024-10-23 00:00:00', 'En Independiente, el mal clima se corrió a un costado luego de los buenos resultados en fila por la Liga Profesional de Fútbol 2024 y algunos jugadores despertaron el interés del fútbol internacional. En ese sentido, en las últimas horas se conoció que una joya del plantel de Julio Vaccari es seguida por un gigante de Europa como posible refuerzo y podría marcharse en el próximo mercado de pases. \r\n\r\nSegún informó el periodista Martín Roldán de TyC Sports y Rojos de Pasión, Ajax tiene interés en Santiago López, una de las máximas proyecciones del club en los últimos años. Incluso, el equipo neerlandés, ganador de cuatro Champions League, envió emisarios a nuestro país que estuvieron presentes en el encuentro de Independiente ante Lanús, el pasado viernes en La Fortaleza, para ver al delantero que brilló con la Selección Argentina Sub 17.\r\n\r\n\r\n\r\n\r\nAunque por el momento no existe una negociación, en Ajax ya conocen que el jugador, de 18 años, tiene una cláusula de recisión de 20 millones de euros con un contrato hasta el 31 de dicicmebre del 2026. Además, un tema no menor es la compleja situación económica que vive el \"Rojo\", por lo que López podría llegar a salir por menos del valor de la cláusula. Más allá del interés del conjunto de Países Bajos, hay otros clubes interesados por el oriundo de Córdoba. En los últimos meses, medios europes señalaron que Porto, Feyenoord, Fiorentina, Benfica y Brighton ya había posado sus ojos en el atacante que debutó en Avellaneda de la mano de Carlos Tevez.Independiente continúa en alza en la Liga Profesional de Fútbol 2024 y, más allá de haberse metido entre los puestos de clasificación a la Copa Sudamericana, tiene más motivos para festejar. Es que el entrenador, Julio Vaccari, recuperó a dos jugadores que estaban lesionados y podrá contar con ellos para la próxima jornada del torneo local.  \r\n\r\nEn primer lugar, quien entrenó a la par de sus compañeros este martes fue Lucas \"Saltita\" González. El mediocampista, que no había estado el pasado viernes en la victoria ante Lanús, se recuperó de la tendinitis rotuliana en la rodilla derecha y, de no surgir inconvenientes, formará parte de los convocados para recibir al \"Tomba\" el sábado 26 de octubre.\r\n\r\nLa otra buena para Vaccari es el regreso de Alexis Canelo a las prácticas. El delantero, que no viene teniendo demasiado protagonismo desde la llegada del actual entrenador, dejó atrás la lumbalgia que no le permitió estar frente al \"Granate\" y también estaría dentro de los citados para chocar con el \"Tomba\". \r\n\r\nPor otro lado, Damián Pérez cumplió la fecha suspensión tras haber recibido la quinta amarilla con Deportivo Riestra y habrá que esperar la determinación del DT. Si bien Adrián Spörle no tuvo una gran actuación la pasada fecha, Vaccari demostró que pone al que mejor oberva durante la semana de entrenamientos. El resto del equipo sería el mismo que salió desde el inicio en el estadio Néstor Díaz Pérez.', '', '', '', '', '', 'Fútbol | Noticias', 5, '.', 0),
(51, 'River empató sin goles ante Defensa y Justicia y ya piensa en la revancha ante Atlético Mineiro', 'El Millonario sumó su tercer empate consecutivo, el cuarto sin goles en la Liga Profesional y se aleja del top 3 de la tabla anual.', '2024-10-25 00:00:00', 'Con nueve empates en 19 fechas, River es el segundo equipo con más igualdades en la Liga Profesional, detrás de Independiente. En lo que refiere al certamen, nuevamente el Millonario no pudo convertir y es el cuarto encuentro desde el regreso de Marcelo Gallardo que se va sin goles.\r\n\r\nEl empate sin anotaciones ante Defensa y Justicia en Varela dejó como figura a Jeremías Ledesma, que salvó en varias ocasiones a la visita. Una de las pocas buenas noticias de la noche fue el regreso de Gonzalo Martínez, que no solo volvió a jugar sino que lo hizo de muy buena manera.\r\n\r\nDesde entrada se sabía que el partido iba a resultarle incómodo al Millonario, sobre todo con la llave de Copa Libertadores en el medio y con la vuelta ante Atlético Mineiro el próximo martes que será trascendente para el futuro.', '', '', '', '', '', 'Fútbol | Noticias', 2, '.', 0),
(52, 'Boca fue una confusión de emociones en el debut de Gago en La Bombonera', 'El Xeneize dejó pasar una buena chance de subir en las tablas (15º en la Liga y 8º en la anual), aunque pudo ser peor por cómo arrancó la cosa. Hubo aplausos en la previa, silbidos durante y de ambos en el final.\r\n', '2024-10-27 00:00:00', 'En la presentación de Fernando Gago DT en La Bombonera, Boca fue un vendaval de emociones, como viene sucediendo últimamente. Aplausos varios, estupor por el golazo rival, un par de \"movete Boca, movete\", silbidos, desahogo por el empate y de nuevo a los silbidos. Casi que confusa la cosa. Es que en el final del 1 a 1 ante el Deportivo Riestra del Ogro Fabbiani pasó de todo, finalizando con una atajada brillante del pibe Brey, acaso la única de su partido.\r\n\r\nTan cambiante fue la historia que, por ejemplo, Pol Fernández pasó de chiflidos agresivos en cada intervención a aplausos ensordecedores luego de ser expulsado por un patadón para cortar una contra. Otro caso se dio tras el pitido final: mientras buena parte del estadio entonaba el himno de guerra \"jugadores, a ver si se dan cuenta...\", otros despedían al equipo con aplausos.\r\n\r\n\r\nEn la previa, los eventos de épica romana registrados la semana pasada en Rosario se tradujeron este domingo de Bombonera en numerosas ovaciones a Brey. Los aplausos se explican mucho por los cuatro penales atajados y un poco -y no tan poco también- como una indirecta a Chiquito Romero, otro que fue chiflado una vez se mencionó su identidad por los altoparlantes.\r\nEl aplausómetro se volvió interesante también por la presentación de Gago en su casa, como aseguraba la bandera que desplegaron desde una platea con la imagen pixelada y boquiabierta del DT: \"Bienvenido a tu casa, Fernando\". El entrenador, que había dirigido sus dos primeros partidos fuera de La Boca, fue muy bien recibido.\r\n\r\nY si Gago parecía un poco sorprendido en la imagen de la bandera, bastante mayor habrá sido su incredulidad cuando a eso de los 15 minutos Riestra se inventó un golazo para el 1-0. El volante Brian Sánchez paró de pecho un pase alto y la colocó por encima de un adelantado Brey para lanzarse a bailar una samba brasileña de festejo. Como si se tratase del mismísimo Ronaldinho. La definición, por cierto, fue digna de aquel 10.\r\nEl que bailó pero para mal en el gol fue Figal, quien salió a cortar en el inicio de la jugada y quedó pagando. Para colmo del central, titular en lugar de Anselmino, al rato se resbaló en plena contra de Riestra y fue salvado por Lema. El pintón zaguero aparenta estar transitando el camino de los Fabra, los Ramírez o los Pol incluso. Es decir, esos que van colmando la paciencia de los hinchas y siguen en el equipo pero de manera protocolar.\r\n\r\nEl \"movete Boca, movete; movete, dejá de joder\" sonó fuerte mientras los de Gago no le encontraban la vuelta al partido, con mucho toqueteo intrascendente y cambios de frente bastante llamativos. Eso sí, cuando pudieron generar peligro, se toparon con la figura de la cancha. Ignacio Arce, el arquero de Riestra, es uno de esos jugadores que aportan al show con atajadas tremendas, lindos pelotazos y actitudes de personaje, para bien y para mal. El uno entretuvo y mucho con sus voladas y también \"zafó\" de un aparente penal que se mandó sobre la hora.\r\n\r\nCon el resultado en contra, el ambiente muy caliente y poquito en el banco como para ilusionarse, Gago finalmente encontró en Saracchi a su salvador. A los 78, el uruguayo mandó el centro para que su compatriota Cavani la empuje con lo justo y grite el empate con alma y vida. Después, lo dicho. Pudo ser para cualquiera y eso pareció no gustarle a los hinchas.', '', '', '', '', '', 'Fútbol | Noticias', 1, '.', 0),
(53, 'Liga Profesional 2024: San Lorenzo cayó ante Independiente Rivadavia por 1 a 0 en Mendoza', 'El Ciclón sufrió una nueva derrota en condición de visitante.', '2024-10-26 00:00:00', 'Por la fecha 19 de la Liga Profesional de Fútbol 2024, San Lorenzo cayó ante Independiente Rivadavia por 1 a 0 en condición de visitante. El único gol del compromiso lo anotó Victorio Ramis. De esta forma Miguel Ángel Russo sufrió su primera caída en su segundo ciclo con el Ciclón.\r\n\r\nHaciendo un breve análisis del compromiso, la Lepra logró la apertura del marcador a los 4 minutos. Por lo que San Lorenzo corrió casi toto el encuentro en desventaja. En líneas generales contó con chances para empatar la historia. Pero finalmente no lo logró.\r\n\r\nActualmente Vélez es el líder en soledad de la Liga Profesional de Fútbol con 38 puntos a través de once triunfos, cinco empates y tres caídas. Huracán es su escolta con 34 y un partido menos. Por lo que si hoy el Globo logra un triunfo ante Central Córdoba quedará a solo una unidad.\r\n\r\nPor su lado San Lorenzo se encuentra actualmente en la 22° posición de la Liga Profesional con 21 unidades producto de cinco victorias, seis empates y ocho derrotas. Mientras que en la tabla anual, el Ciclón ocupa asimismo la 22° ubicación con 37 puntos a través de ocho triunfos, trece igualdades y doce caídas.\r\nEs decir el conjunto de Russo está muy lejos de clasificar a una copa internacional en el 2025. Su principal preocupación era el descenso. Pero tras la última asamblea de la AFA se determinó que a partir de la próxima temporada habrá 30 clubes en la Liga Profesional. Por lo que San Lorenzo ya no corre peligro.', '', '', '', '', '', 'Fútbol | Noticias', 3, '.', 0),
(55, 'Racing, con equipo alternativo y la cabeza en la Sudamericana, perdió ante Banfield por el Torneo de la Liga Profesional', 'Con un equipo alternativo y la cabeza en el partido de vuelta de semifinales de la CONMEBOL Sudamericana ante Corinthians, Racing cayó por 2 a 1 ante Banfield en el Estadio Florencio Sola, en un encuentro válido por la fecha 19 del Torneo de la Liga Profesional.', '2024-10-27 00:00:00', 'El DT Gustavo Costas tuvo las prioridades muy claras y, tras el valioso empate conseguido en Brasil, guardó a los titulares para el choque del próximo jueves. No obstante, la Academia mostró ambición en la primera etapa, donde Johan Carbonero marcó el 1 a 0 en posición adelantada.\r\n\r\nRacing salió con la idea de tener la pelota, pero se fue enredando de cara al arco rival y el Banfield de Gustavo Munúa, que buscaba salir de las últimas posiciones de la tabla, se empezó a animar, arrimándose a Facundo Cambeses, el exarquero del Taladro.\r\n\r\nEl empate silencioso de los primeros 45 minutos era el resultado más justo, pero los goles aparecieron en el segundo tiempo. El que abrió el marcador fue Santiago Quirós, que aprovechó un rebote de Facundo Sanguinetti tras un remate de Johan Carbonero en un córner y estampó el 1 a 0 (49\').\r\n\r\nSin embargo, el local respondió rápido, por intermedio de Bruno Sepúlveda, que a los 53 minutos metió un gran cabezazo luego de un preciso centro de Ramiro Di Luciano.\r\n\r\nY a partir de ese momento, Racing, que después del 1-0 se había refugiado y le había entregado la pelota al rival, se desordenó en el fondo y perdió toda idea ofensiva. A los 70 minutos, el ingresado Nacho Rodríguez, una de las figuras de la tarde, metió una gran pirueta después de una floja salida de Cambeses y algunos rebotes y consumó la remontada.\r\n\r\nEl propio Rodríguez pudo ampliar la ventaja de tiro libre, misma vía por la que Martín Barrios estuvo a punto de empatar en la última. Pero el resultado no se volvió a mover, y Banfield volvió a sumar luego de una mala racha, en la que había sumado un punto sobre nueve posibles.\r\n\r\nEn la próxima fecha, Banfield (21) visitará River, desde las 18 horas del sábado 2 de noviembre, mientras que Racing (28) recibirá a Instituto un día después, a las 17:30. Pero antes, claro, tendrá uno de sus partidos más importantes en años: el jueves 31 de octubre jugará en el Cilindro contra Corinthians, a las 21:30 y con transmisión de Disney+.', '', '', '', '', '', 'Fútbol | Noticias', 4, '.', 0),
(56, 'River goleó 3-0 a Barracas Central y se ilusiona con la Liga Profesional', 'El Millonario venció por tres goles al Guapo, sumó su tercera victoria consecutiva y sigue soñando en la Liga Profesional.', '2024-11-10 00:00:00', 'En una ráfaga de 18 minutos, River le metió tres goles a Barracas Central por la fecha 22 de la Liga Profesional y recortó distancias con los líderes, Vélez Sarsfield y Huracán, con 42 puntos. De esta manera, el Millonario sumó la tercera victoria consecutiva luego de los festejos ante Banfield e Instituto.\r\n\r\nMaximiliano Meza, Miguel Borja y Paulo Díaz, los autores de los goles en la tarde lluviosa del Monumental. El siguiente partido del Más Grande será el jueves 21 ante Independiente de Rivadavia debido al parate por fecha FIFA en el medio.\r\n\r\nCon varios partidos por jugarse en lo que resta de la fecha, el Millonario dependerá de lo que suceda en el duelo entre Deportivo Riestra y Vélez para seguir soñando en la Liga Profesional.', '', '', '', '', '', 'Fútbol | Noticias', 2, '.', 0),
(57, 'La mala noticia para Boca tras el triunfo ante Sarmiento: el titular que terminó lesionado en Junín', 'Al margen de la esperada victoria como visitante en Junín, el Xeneize tiene para lamentar una lesión de un futbolista clave para Fernando Gago sufrida en pleno partido. Se retiró rengueando de la cancha.', '2024-11-10 00:00:00', 'Y un día, Boca volvió a ganar de visitante. Fue ante Sarmiento, en Junín, por 2 a 0 con los goles de Miguel Merentiel y de Kevin Zenón, quien regresó a las canchas tras su esguince de tobillo. El triunfo fuera de La Bombonera tuvo que esperar casi seis meses para hacerse presente, y casi tres meses para acumular dos victorias al hilo, por lo que los 3 puntos obtenidos en el Estadio Eva Perón tuvieron un significado anímico importante para los de la Ribera.\r\n\r\nDesafortunadamente para Fernando Gago y para todo su equipo, no todas fueron buenas noticias tras el triunfo frente a Sarmiento, ya que uno de los titulares indiscutibles para el DT se lesionó y se fue del estadio juninense con una visible renguera.\r\n\r\nEn concreto, el periodista Emiliano Raddi de Planeta Boca Juniors reveló que Aaron Anselmino sufrió una sobrecarga muscular en su pierna izquierda y tuvo que salir de la cancha con complicaciones para caminar con normalidad.\r\n\r\n\r\n\r\n\r\nEl pampeano de 19 años había jugado todos los minutos del ciclo de Gago salvo el partido ante Riestra, que vio los 90′ desde el banco. En el duelo ante Sarmiento, el DT lo retiró del campo de juego en el entretiempo para que ingrese Marcos Rojo , lo que llamó la atención porque no se lo había visto con problemas físicos en el primer tiempo. Sin embargo, la sobrecarga muscular existió y por ese motivo terminó prematuramente su partido en Junín.\r\n\r\nFernando Gago explicó por qué Boca salió con 4 delanteros en la victoria ante Sarmiento de Junín: ＂Habíamos visto detalles＂\r\n', '', '', '', '', '', 'Fútbol | Noticias', 1, '.', 0),
(58, 'San Lorenzo venció a Rosario Central por 1-0 con participación de Bustos en los dos arcos', 'San Lorenzo pisó fuerte en condición de visitante frente a Rosario Central: el Ciclón no brilló pero se llevó tres puntos importantes del Gigante de Arroyito gracias al gol del Nahuel Bustos por la fecha 22 del Torneo de la Liga Profesional 2024.', '2024-11-09 00:00:00', 'En el primer tiempo, Rosario Central llegó al gol de la mano de Ignacio Malcorra. Sin embargo, el gol del 10 del Canalla no valió, debido a que el VAR notificó sobre una infracción sobre Nahuel Bustos en el comienzo de la jugada. Andrés Merlos, árbitro del partido, recibió el llamado y anuló el tanto del exUnión.\r\n\r\nSan Lorenzo se armó de confianza ante la anotación que al final no fue por parte de Malcorra y terminó el primer tiempo mejor que el local. Fatura Broun realizó una gran atajada para sostener el cero antes del pitido final.\r\n\r\nEn el segundo tiempo, Rosario Central se relajó y el Ciclón se acomodó en el campo. Aunque el visitante no llegó a enlazar un juego interesante para dañar al Canalla, no sufrió.\r\n\r\nDe la mano de Miguel Ángel Russo, uno de los ídolos de los últimos años de Rosario Central, San Lorenzo se apoyó en Nahuel Bustos, que ya había participado de la jugada del gol del local que no valió por una infracción sobre él.\r\n\r\nEl exjugador de Talleres de Córdoba no solo brindó su parte para que no valiera el gol de Rosario Central en la primera parte, sino que sorprendió, remató y sentenció el gol del triunfo en el minuto 72.\r\n\r\nSan Lorenzo, en el marco del regreso de Miguel Ángel Russo a Rosario, le ganó a Central por 1-0 gracias al gol de Nahuel Bustos y llegó a su tercer partido sin derrotas en el Torneo de la Liga Profesional. El elenco rosarino espera por la sumatoria de Ariel Holan, su nuevo entrenador.\r\n\r\n', '', '', '', '', '', 'Fútbol | Noticias', 3, '.', 0),
(59, 'Juanfer Quintero sigue en estado de gracia y Racing lo disfruta', 'El equipo de Costas quedó tercero en la Liga, aunque sólo piensa en la final de la Sudamericana. Ramis abrió la cuenta para la visita, Maravilla empató y el colombiano lo ganó sobre el final.', '2024-11-10 00:00:00', 'Racing está en un gran momento. Juanfer Quintero, también. Y claro, van de la mano. La Academia casi que no piensa en otra cosa que la final de la Copa Sudamericana -sábado 23 contra Cruzeiro en Asunción- y aun así hilvanó su tercer triunfo al hilo en la Liga Profesional, para quedar tercero a cinco puntos de los líderes. Por su parte, el colombiano anotó este domingo ante Independiente Rivadavia su tercer gol en sus últimos tres partidos e hizo delirar al Cilindro medio lleno por la sanción de Aprevide.\r\n\r\nDe todos modos, no fueron todas alegrías para los locales en Avellaneda. Es que una siesta importante de Agustín Almendra a la hora de reventar una pelota le valió el 1-0 a los mendocinos. El volante pensó que la redonda se fue, cosa que no hizo Sebastián Villa, quien se escapó por la banda derecha y asistió a Ramis para que la mande a guardar sin mayores inconvenientes.\r\n\r\n\r\nEl colombiano exBoca fue lo más peligroso de los de Rivadavia (también fue interesante lo del volante Luis Sequeira), aunque Racing lo pudo desactivar tirando el offside no sin algún susto mediante -hasta que el línea levantase la bandera-. Villa también fue protagonista para los hinchas, que le recordaron una y otra vez sus antecedentes judiciales.\r\nLa reacción académica no tardó en venir. Quintero sacó rápido un córner, Martirena mandó el centro y Maravilla Martínez apareció por detrás de todos para ganar de cabeza ante un fondo rival un tanto distraído.\r\n\r\nEl goleador también anda de buenas y, tras un bajón al inicio del semestre, suma cuatro goles en sus últimos siete encuentros. Y desde que llegó a Avellaneda, nada menos que 28 en 45. Tremendo.\r\n\r\nOtro que tuvo un buen partido fue su colega Maxi Salas, quien a puro esfuerzo y picardía -como para sacar rápido el lateral del 2-1 vs. Corinthians- se gana cada vez un poco más los corazones racinguistas. Ante Rivadavia pidió tanto la pelota para picar a las espaldas del lateral izquierdo rival que se le habrá cansado tanto el brazo izquierdo como las piernas. Aunque no se le dio el gol, el 7 se fue muy aplaudido.\r\n\r\nVale destacar también el rol de la lluvia en el Cilindro ya que desató su mayor fuerza justo durante el entretiempo, como para no influir demasiado en el juego. Pero mucho más destacable fue, como ya se advirtió en el inicio, lo de Juanfer. El colombiano jugó todo el partido, estuvo muy movedizo y se la pasó cambiando de frente -Racing incurrió en esta metodología en incontables ocasiones-. Y cuando parecía que el empate era cosa juzgada, a los 87, metió un zurdazo tremendo de tiro libre que hizo delirar al 50% del Cilindro que, delirando, nuevamente coreó su nombre.\r\n\r\n', '', '', '', '', '', 'Fútbol | Noticias', 4, '.', 0),
(60, '¿Cómo quedó Independiente en la tabla general tras la derrota ante Huracán?', 'El Rojo cayó en su visita a Parque Patricios.', '2024-11-09 00:00:00', 'Por la fecha 22 de la Liga Profesional de Fútbol 2024, Independiente cayó ante Huracán por 1 a 0 en condición de visitante. El conjunto de Julio Vaccari no tuvo un flojo desempeño aunque varios usuarios en las redes consideran que el Globo logro un merecido triunfo.\r\n\r\nCon la derrota en Parque Patricios, Independiente se encuentra actualmente en la 8° posición de la Liga Profesional con 30 unidades producto de 6 victorias, 12 empates y 4 derrotas. Mientras que en la tabla anual, el Rojo ocupa la 10° ubicación con 53 puntos a través de 12 triunfos, 17 igualdades y 7 caídas.\r\n\r\nEs decir el conjunto de Vaccari está clasificando a la próxima edición de la Copa Sudamericana y se encuentra a 5 unidades de los lugares de Copa Libertadores. Como se compartió anteriormente fue eliminado de la Copa Argentina ante Vélez. Por lo que depende de la tabla anual si quiere jugar a nivel internacional el próximo año.\r\n\r\nTras la derrota en Parque Patricios, a Independiente le quedan cinco compromisos en el año. El Rojo volverá a jugar una vez finalice la Fecha FIFA. Por la 23° jornada de la Liga Profesional enfrentará a Gimnasia el jueves 21 desde las 19.15 hrs en condición de local.\r\n\r\nPosteriormente el conjunto de Vaccari jugará ante Central Córdoba el domingo 1 de diciembre a partir de las 17.00 hrs nuevamente en el Libertadores de América. Mientras que el sábado 7 o domingo 8 enfrentará a Atlético Tucumán otra vez en condición de local y horario a confirmar.', '', '', '', '', '', 'Fútbol | Noticias', 5, '.', 0),
(62, 'River le ganó un partidazo a Instituto y no se baja de la pelea en la Liga Profesional', 'Con tantos de Solari, Paulo Díaz y Colidio, el Millonario se impuso por 3-2 a Instituto y quedó a seis de Vélez, que juega este jueves con Tigre. Rodríguez y Acevedo marcaron para la Gloria, que se bajó de la pelea y se aleja también de la clasificación a las copas.', '2024-11-07 00:00:00', 'River le ganó a Instituto por 3-2 en la provincia de Córdoba, en un partidazo que le dio continuidad a la fecha 21 de la Liga Profesional 2024 y que le permitió al equipo conducido por Marcelo Gallardo mantenerse en la pelea.\r\nPablo Solari, Paulo Díaz y Facundo Colidio convirtieron los tantos del Millonario, que quedó a seis puntos de Vélez, que este jueves cerrará la fecha ante Tigre; además, la victoria le permitió ubicarse segundo en la tabla anual, en zona de clasificación a la Copa Libertadores. Los goles del local fueron de Gregorio Rodríguez y Jonás Acevedo. \r\nInstituto se puso en ventaja a los 23 minutos Gregorio Rodríguez, quien bien habilitado le ganó en velocidad a Leandro González Pirez por la izquierda del ataque cordobés y definió al primer palo ante la salida de Franco Armani.\r\nEl encuentro había comenzado con una gran polémica en el área de Instituto: Nicolás Dubersarsky puso la mano en la disputa del balón con Pablo Solari, el árbitro Andrés Merlos -en un primer momento no había cobrado nada- fue a ver la jugada en el VAR y, finalmente, terminó cobrando infracción del delantero de River antes de la acción del defensor. ¿Era?\r\nRiver contó con varios ocasiones para irse al vestuario a menos con el empate y una de las más claras la tuvo Facundo Colidio (Marcelo Gallardo volvió a elegirlo para ser el delantero más adelantado), pero perdió el mano a mano con el arquero Manuel Roffo.\r\n\r\nEn tanto, en la última de la etapa inicial, fue Santiago Simón el que estuvo muy cerca del gol con un remate desde afuera que terminó dando en el palo\r\nEl segundo tiempo comenzó con el mismo dominio de River y a los nueve minutos llegó el empate que merecía por intermedio de Pablo Solari, quien recogió el rebote de la atajada de Roffo a Maxi Meza y de derecha mandó la pelota a la red. De esta manera, el delantero prolongó su racha goleadora debido a que venía de convertir un doblete en la victoria frente a Banfield por 3-1.\r\n\r\nUn rato más tarde, el Millonario volvió a ir a fondo y dio vuelta el partido: a los 18, Paulo Díaz ganó de arriba y después de un desvío en Miguel Brizuela, la pelota terminó en la red para el 2-1 en la provincia de Córdoba.\r\nTodo lo que necesitó River para convertir sus goles, a Instituto le costó mucho menos y llegó al 2-2 desde ¡un lateral!  A los 27, la Gloria mandó la pelota al área desde la izquierda, la peinó Ignacio Russo y de volea la agarró Jonás Acevedo para volver a poner la paridad.\r\nCuando parecía que al partido no le quedaba más después de tantas emociones, el Pity Martínez puso una asistencia digna de la apasionante noche en Córdoba para que Facundo Colidio pusiera el 3-2. El delantero había convertido un triplete en su última visita a Instituto y una vez volvió a ser clave.\r\n\r\nRiver consiguió el segundo triunfo consecutivo después de la eliminación en la Copa Libertadores frente a Atlético Mineiro y suma 33 puntos, que lo dejó momentáneamente en la cuarta posición a seis de Vélez. En el próximo partido, el equipo de Gallardo recibirá a Barracas Central.\r\n\r\nInstituto, por su parte, se quedó en las 28 unidades y se despidió de la pelea grande en la Liga Profesional, al mismo tiempo que también se alejó de la zona de clasificación a las copas internacionales.', '', '', '', '', '', 'Fútbol | Noticias', 2, '.', 0),
(63, 'Boca arrancó muy mal y terminó muy bien: 4 a 1 a Godoy Cruz en el primer triunfo con Gago como DT', 'Aguirre, Cavani, Saracchi y Zeballos marcaron los tantos del Xeneize; Nico Fernández abrió el marcador para el Tomba', '2024-11-06 00:00:00', 'Un triunfo que alivió en la Bombonera\r\nBoca se regaló una actuación que lo ilusiona para el último tramo del campeonato. El 4 a 1 sobre Godoy Cruz puede haber sido también 5 (o 6) a 2 (o a 3). Ambos equipos jugaron a meter goles, yendo para adelante y mirando más el arco ajeno que el propio. Y ofrecieron un espectáculo atractivo, infrecuente en el mezquino fútbol argentino. Es cierto, ese riesgo expone errores. Pero los goles son los que le dan vida al fútbol y a los hinchas. Solo dos minutos tardó el Tomba en ponerse en ventaja, luego el Xeneize reaccionó y fue muy superior al conjunto mendocino. Se repite: la goleada le permite a Boca levantar la cabeza de cara a su cierre de año. Ahora tendrá que conseguir una regularidad más cercana a lo realizado hoy que a lo hecho hasta aquí, y seguir sumando para trepar en la tabla anual, en la que aún está lejos de lograr la clasificación a la Libertadores.', '', '', '', '', '', 'Fútbol | Noticias', 1, '.', 0),
(64, '¡Racing finalista de la Copa Sudamericana gracias a un doblete de Juanfer Quintero!', 'La Academia dio vuelta el partido ante el Corinthians de Ramón Díaz y va a jugar la final contra Cruzeiro.', '2024-10-31 00:00:00', 'Tenía que ser con un guión escrito para Racing. A medida. Uno que incluyera un poco de todo. El fútbol y las ganas. El suspenso, el drama y el final de una comedia romántica. Era lo que la historia exigía. La más dura, la que vivieron los más grandes, y las nuevas generaciones. La que representa la resiliencia que hace carne en Costas y la del equipo protagonista que por más de 10 años amalgamó Víctor Blanco. Le faltaba, le falta en realidad, un título internacional. Después de 32 años, Racing volverá a jugar una final. El triunfo de anoche ante Corinthians entra en la historia moderna del club. La Academia, al ganarle al Timao 2-1, rompió un maleficio de más de 30 años. Tiene cosas del equipo de Mostaza Merlo del 2001. También de la Supercopa 88, el último título ganado. Avellaneda explotó. Antes, con un recibimiento magnífico, y ya en la cancha con la gran victoria.\r\n\r\nLo primero que hay que destacar de este Racing finalista es su carácter. No había arrancado como una fiesta perfecta. Todo lo que se podía imaginar en la previa nunca ocurrió. El equipo de Costas no se llevó por delante a los brasileños. Al minuto, García Basso se lo sopló a Yuri Alberto. A los 6’, Arias se apresuró en una salida y el propio 9, animal del gol, puso en ventaja a Corinthians. La Academia no hacía pie y perdía. Estaba acelerado y nervioso. La presión del partido pesaba. Un rato después, Garro se fue solito y Gaviota le tapó lo que era un 0-2 y casi una sentencia de muerte. Ahí renació un Racing conmovedor.\r\n\r\nAl volver a sentirse vivo, el local fue pasito a pasito construyendo el empate. Se afianzó en el medio y empezó a lastimar por los costados. De un desborde de Salas llegó la mano de Martínez, el penal y el zurdazo -fuerte y al medio- de Juanfer Quintero. A los 36’, el colombiano lo pateó como jugó Racing está semi con gusto a final. Mordió los labios y lo aseguró. El 1-1 casi que no existió. Tres minutos más tarde, la Acadé lo dio vuelta. Avivada del alcanza pelotas, quien le dio rápido el lateral a Salas, Maravilla peinó y Juanfer se fue al segundo para definir de zurda. Locura, éxtasis. El equipo de Costas lo daba vuelta.\r\n\r\nJuanfer Quintero y un doblete para la historia (REUTERS/Agustin Marcarian).Juanfer Quintero y un doblete para la historia (REUTERS/Agustin Marcarian).\r\nPara ese entonces, Racing se estaba jugando la vida. Se notaba en el lenguaje corporal de sus jugadores. Chocaban, golpeaban. Se desvivían por recuperar la pelota. Sabían que una serie palo y palo, llena de goles, no se iba a escapar.\r\n\r\nEl segundo tiempo, bien por la Academia, ya no fue de tantas emociones. Salas y Quintero retrocedieron más por los costados y el Timao intentó con pelotazos. Ya no tocaba tanto por el medio ni encontraba espacios detrás de Nardoni. Costas era el jugador número 12. Empapado en sudor, festejaba hasta los laterales. El Cilindro se venía abajo cada vez que Di Cesare y García Basso salían lejos y se llevaban la pelota o una pierna. Era la ley del potrero. Pero sirvió. Memphis le escapó al contacto y terminó saliendo en un Corinthians que terminó partido, con casi cinco delanteros pero sin capacidad de encontrarlos.\r\n\r\nGanó Racing y está en la final de la Copa Sudamericana. Es para lo que llegó Gustavo Costas. La mala campaña en el ámbito local queda en el olvido. Este 2024 la Academia se puso como objetivo ser campeón internacional. Está a un partido.', '', '', '', '', '', 'Fútbol | Noticias', 4, '.', 0),
(65, 'Boca no levanta cabeza y cayó en su visita a Lanús', 'El Xeneize cayó 1-0 con el Granate, en la Fortaleza, por la fecha 20 de la Liga Profesional, y sufrió un nuevo revés en el inicio del ciclo de Fernando Gago. Eduardo Salvio aplicó la ley del ex y fue el único goleador de la noche.', '2024-11-04 00:00:00', 'Boca sigue sin poder hacerse fuerte fuera de La Bombonera (hace 11 partidos que no gana)y cayó 1-0 en su visita a Lanús, por la fecha 20 de la Liga Profesional 2024. Eduardo Salvio aplicó la ley del ex sobre el final y le dio la victoria al Granate, que cortó la mala racha que llevaba en el torneo local y se recuperó de la derrota en las semis de la Sudamericana en manos de Cruzeiro.Luego del empate con sabor a poco ante Deportivo Riestra, el ciclo de Fernando Gago sigue sin poner primera y sufrió un nuevo revés en La Fortaleza. La diferencia mínima en el marcador fue insuficiente por lo que fue el trámite del juego y en especial en la segunda etapa, donde el elenco local impuso condiciones y no le dejó chances a la visita.  \r\n\r\nLa escuadra de Ricardo Zielinski, con un inspirado Marcelino Moreno, controló los hilos del partido aunque debió esperar hasta el final para romper la paridad, en parte por la sólida actuación del arquero xeneize, Leandro Brey.\r\n\r\nEl gol llegó a los 34 del ST, cuando Jabes Saralegui perdió la posesión de la pelota para que Moreno comandara un contragolpe con tal clase que con un pase milimétrico logró dejar mano a mano a Salvio, que con solo Brey en el camino sacó un disparo que desató la locura en el Néstor Díaz Pérez. También vale mencionar que hubo dos polémicas puntuales, ambas en el área de Boca, que podrían haber valido penales para el Grana. La primera fue en la primera etapa, cuando Moreno se aprovechó de un blooper de Brey para tomar posesión de la pelota y sacó un disparo que Marcos Rojo logró detener con su brazo izquierdo.\r\n\r\nPese al acalorado reclamo del dueño de casa, ya que la pelota tenía destino de gol, tanto el árbitro Facundo Tello como Yamil Possi (presente en el VAR) coincidieron en que el impacto efectivamente sucede, pero que se da en el brazo de apoyo del ex-Estudiantes, por lo que es un contacto no sancionable. \r\nLa otra fue en el complemento, con el 1-0 en el marcador: Dylan Aquino logró sacar un remate, el cual en su camino al arco se desvió en el brazo de Aaron Anselmino. De manera muy parecida a la acción de Rojo, ni Tello ni el VAR consideraron que era una mano sancionable, dado que el defensor cuyo pase pertenece a Chelsea contaba con su extremidad detrás de la espalda, por lo que nuevamente no se sancionó la pena máxima.\r\n\r\nPese a los mejores intentos del dueño de casa por estirar aun más su distancia en el marcador, no hubo más tiempo para más y se concretó la nueva caída de Boca, que lleva ya más de cinco meses sin conocer la victoria fuera de Brandsen 805.\r\nCon este resultado, el Xeneize permanece en la 17° posición de la LPF con 25 puntos, mientras que en la Tabla Anual no logra salir de la 9° ubicación con 50 unidades, a siete de distancia de la zona de clasificación a la próxima Libertadores.\r\n\r\nEl Granate logró su primera victoria en la Liga Profesional desde la fecha nueve (cuando el 4 de agosto derrotó 3-2 a Tigre) y consiguió subir a la 23° plaza con 23 puntos. En el acumulado de la temporada pudo trepar al 13° escalafón con 46 unidades, a cuatro de los puestos de la Sudamericana.\r\n\r\nEn la próxima fecha, Boca irá por la recuperación cuando reciba en La Bombonera a Godoy Cruz (6/11), mientras que Lanús visitará a Talleres de Córdoba en el estadio Mario Alberto Kempes (7/11). ', '', '', '', '', '', 'Fútbol | Noticias', 1, '.', 0),
(66, 'River goleó 3-0 a Barracas Central y se metió en la pelea por el título de la Liga Profesional', 'El Millonario se impuso en el Monumental con goles de Maxi Meza, Miguel Borja y Paulo Díaz. Con este resultado, quedó a seis puntos de Vélez y Huracán, cuando quedan cinco fechas por disputarse.', '2024-11-10 00:00:00', 'River derrotó 3-0 a Barracas Central por la fecha 22 de la Liga Profesional. Con esta victoria, el conjunto de Marcelo Gallardo se mantiene cerca de Vélez y Huracán, los líderes del campeonato. Al terminar el partido, los memes estallaron en las redes sociales.\r\nMarcelo Gallardo se mostró muy conforme con la actuación de River en la goleada por 3-0 ante Barracas Central por la fecha 22 de la Liga Profesional. Sin embargo, dejó en claro que su equipo no depende de sí mismo para ser campeón y se mostró expectante por lo que pueda pasar con los rivales directos en la pelea por el título.', '', '', '', '', '', 'Fútbol | Noticias', 2, '.', 0),
(67, 'Racing le ganó a Barracas Central y se prendió en la pelea por la Liga Profesional', 'Racing le ganó a Barracas Central y se prendió en la pelea por la Liga Profesional', '2024-11-07 00:00:00', 'Con la mente puesta en la final de la Copa Sudamericana, Racing no descuida la Liga Profesional y logró un importante triunfo por 2-0 sobre Barracas Central en el Estadio Guillermo Laza para seguir prendido en la pelea por el título. Con goles de Agustín Almendra y Adrián Martínez, La Academia se quedó con los tres puntos y quedó a cinco de Vélez y Huracán, los líderes.\r\nEl elenco de Gustavo Costas, que venía de derrotar a Instituto con suplentes, volvió a incluir a la mayoría de los titulares y no pasó sobresaltos ante el Guapo de Rubén Darío Insua, aunque recién logró abrir el marcador sobre el final de la primera mitad: luego de una buena recuperación de Santiago Solari, Adrián Martínez la tocó para Agustín Almendra, que sacó un potente remate que se metió en el arco de Rafael Ferrario, de floja reacción.\r\nEl elenco de Gustavo Costas, que venía de derrotar a Instituto con suplentes, volvió a incluir a la mayoría de los titulares y no pasó sobresaltos ante el Guapo de Rubén Darío Insua, aunque recién logró abrir el marcador sobre el final de la primera mitad: luego de una buena recuperación de Santiago Solari, Adrián Martínez la tocó para Agustín Almendra, que sacó un potente remate que se metió en el arco de Rafael Ferrario, de floja reacción.\r\nPasado el cuarto de hora de la segunda mitad, en un tiro libre en ataque para el local, la visita salió rápido de contragolpe en los pies de Gabriel Rojas, que llegó hasta el área rival, remató cruzado y, tras una mala respuesta de Ferrario, Maravilla Martínez apareció a toda velocidad y aprovechó el rebote para estirar la ventaja a su favor.\r\nSolari convirtió un tercero, anulado por offside, y fue final 2-0 en favor de Racing, que llegó a 34 puntos en la Liga Profesional y quedó a cinco de Vélez, que juega el jueves, y Huracán, los líderes. Ahora se le viene Independiente Rivadavia de local en El Cilindro, que fue suspendido por la pirotecnia en la vuelta ante Corinthians. Por su parte, Barracas Central sigue último con apenas 16 unidades y ahora visitará a River en el Monumental.', '', '', '', '', '', 'Fútbol | Noticias', 4, '.', 0),
(68, '\"En mi época no había yates\": la reacción de un ídolo de Independiente tras el Yategate', 'Daniel Bertoni habló en Pelota Dividida, el stream de Olé, y se refirió al escándalo que protagonizaron varios integrantes del plantel.\r\n', '2024-11-07 00:00:00', 'Daniel Bertoni es -sin dudas- una de las grandes glorias en la rica historia de Independiente. Y ni hablar de su paso por la Selección Argentina, donde levantó la Copa del Mundo en 1978. Como palabra autorizada, el ídolo pasó por Pelota Dividida, el stream de Olé y Blender que se emite de lunes a viernes de 13 a 15 por Twitch. Y se refirió, claro, al consabido Yategate protagonziado por algunos integrantes del plantel que dirige Julio Vaccari.\r\n\r\nAl ser consultado sobre la fiesta en el Barco, Bertoni evadió la crítica y, casi como en broma, aseguró: \"Si hoy me invitarían y tengo el día libre, voy\". Aunque aclaró que \"no voy a una fiesta o a tomar nada, voy a tomar un poco de sol\". Eso sí, al enfatizar que \"me gustaría\", agregó que \"si hay alguna chica que me gusta, voy, ¿por qué no?\".\r\n¿Qué pasó con Independiente y el yate?\r\nEl viernes 25 de octubre estalló una bomba en el predio de Villa Domínico: Marco Pellegrino y Diego Tarzia habían sido apartados del plantel por Julio Vaccari. En medio de la confusión, aparecieron los inesperados motivos para la sanción a los jóvenes: ambos jugadores fueron captados en una fiesta de cumpleaños a bordo de un yate junto a una exparticipante de Gran Hermano y otras mujeres del ambiente de las redes sociales.\r\n\r\nEl escándalo no sólo fue a raíz de su mera presencia en la embarcación y la compañía que tenían, sino también porque se trataba de una celebración en la que circulaban cantidades de alcohol, de las que jugadores profesionales deberían mantenerse lejos. Además, ambos jóvenes ya habían sido apercibidos en otras ocasiones por llegadas tarde. En esa línea, el yategate acabó siendo la gota que colmó el vaso.\r\n\r\nEl evento no sólo cayó de mala manera en la opinión del ex DT de Vélez y Defensa y Justicia, sino que también fue mal recibido por los referentes del plantel. Iván Marcone, Federico Mancuello y Rodrigo Rey fueron algunos de los que se molestaron por esta situación y, consecuentemente, apoyaron la sanción impuesta por el cuerpo técnico del nacido en Máximo Päz (Santa Fe).', '', '', '', '', '', 'Fútbol | Noticias', 5, '.', 0),
(70, 'Independiente goleó a Unión por Liga Profesional, en un partido clave para ingresar a las copas', 'Con goles de Ávalos, Montiel y Maestro Puch, el equipo de Vaccari se impuso con una goleada frente al Tatengue.', '2024-11-05 00:00:00', 'En medio de un clima tenso luego de haber recibido un apriete por parte de la barra brava, en el marco de la fecha 21 de la Liga Profesional 2024, Independiente derrotó a Unión por 3-0 en el Libertadores de América y se afirma en la tabla anual como uno de los clasificados directos para la próxima Copa Sudamericana.\r\nEl equipo de Julio Vaccari dominó el encuentro por amplia diferencia ante los dirigidos por Cristian González, que no hicieron pie en Avellaneda. La primera emoción llegó a los 22 minutos de juego, cuando Gabriel Ávalos conectó un gran centro de Santiago Montiel y puso el 1-0 para el Rojo.\r\n\r\nLlegados los 44\', una grave falta de Nicolás Paz sobre Santiago Hidalgo, dejó al cuadro Tatengue con un hombre de menos, ya que el defensa vio la segunda amarilla y fue expulsado. \r\nEn el complemento, el equipo santafesino comenzó con mayor intensidad a pesar de la inferiordad numérica. Pero les duró poco. Con el transcurso de los minutos, el cuadro local se acomodó y volvió a hacerse con la pelota. A los 75\', Ávalos desbordó a Simón Rivero y luego recibió un fuerte pisotón por parte de Francisco Gerometta. El árbitro no vio la infracción, pero posteriormente lo llamaron del VAR y cobró la pena máxima. Montiel ejecutó el penal y decretó el 2-0.\r\n\r\nEn el final del encuentro, durante los minutos de adición, Ignacio Maestro Puch sentenció la goleada. Un triunfo necesario para el conjunto de Avellaneda, que jugó uno de los mejores partidos desde que Vaccari se encuentra en el banco de suplentes. \r\nCon este resultado Independiente llega al puesto 8° de la Liga Profesional, habiendo sumado 30 unidades. Mientras que en la tabla anual se encuentran en la misma ubicación, en zona de Copa Sudamericana. Por el lado de Unión, se mantiene en la cuarta posición del torneo con 33 puntos, mientras que en la clasifación a las copas milita en la novena ubicación. También, sellando de forma parcial su boleto al certamen internacional.\r\n\r\n', '', '', '', '', '', 'Fútbol | Noticias', 5, '.', 0),
(71, 'La mano de Russo: qué cambió en San Lorenzo desde la llegada del nuevo DT', 'El Ciclón mejoró considerablemente desde que tomó las riendas el experimentado técnico. Solidez defensiva, Muniain capitán, varios puntos altos y goleadores inesperados.', '2024-11-12 00:00:00', 'Un verdadero fierro caliente agarró Miguel Ángel Russo. Se hizo cargo de un San Lorenzo alicaído, que no hacía pie en la Liga Profesional y venía de ser increpado por la barra brava. En poco menos de un mes, el clima en Boedo y Bajo Flores parece ser otro: los resultados aparecieron, también varios puntos altos en defensa y ataque.\r\nCinco partidos dirigió hasta el momento con el buzo azulgrana. Ganó en su debut, 1-0 a Barracas Central en el Nuevo Gasómetro; luego perdió por la mínima con Independiente Rivadavia en Mendoza; volvió a festejar por 1-0 en Santiago del Estero frente a Central Córdoba; empató 1-1 con Estudiantes de local; y se despachó con un ajustado pero valioso triunfo el último fin de semana en Rosario. Diez puntos cosechados sobre 15 en juego.\r\n\r\nAdemás, no le tembló el pulso a la hora de tomar una fuerte decisión en el vestuario: le dio la cinta de capitán a Iker Muniain, el talentoso volante vasco que fue preservado en el último encuentro por una molestia en el en el aductor derecho.\r\nSi bien el Ciclón nunca se impuso con holgura, y de hecho sufrió más de la cuenta en algunas ocasiones, lo cierto es que logró ser contundente en ataque y sólido en el fondo. Golpear en el momento justo y nunca bajar la guardia. Apenas recibió dos goles, un fiel reflejo del buen momento de Gastón Chila Gómez y sus compañeros en defensa.\r\n\r\nEn cuanto a los últimos metros del campo, Russo encontró a dos goleadores inesperados: Ezequiel Cerutti, autor de un bombazo en el Único Madre de Ciudades, y Nahuel Bustos, quien cargó la barra de potencia en el Gigante de Arroyito días atrás y colgó la pelota de un ángulo. Ambos mejoraron su desempeño y pudieron sacudir las redes, como así también Alexis Cuello e Iván Leguizamón.\r\n\r\nEl golazo de Nahuel Bustos para poner en ventaja 1-0 a San Lorenzo sobre Rosario Central\r\nTodavía quedan muchas piezas que ajustar, pero mientras los resultados acompañen será todo más sencillo. Miguel demostró que tiene muñeca para corregir sobre la marcha y enrumbar hasta la situación más adversa. Quedan 15 unidades en juego y San Lorenzo (44) está a nueve de Independiente (53), el último que estaría clasificando a la Copa Sudamericana. Ese es el gran objetivo para cerrar el año.', '', '', '', '', '', 'Fútbol | Noticias', 3, '.', 0),
(72, 'Por qué Iker Muniain quedó descartado en Central-San Lorenzo', 'El Vasco sufrió una molestia y es baja de último momento. En su lugar jugará Nahuel Bustos.', '2024-11-09 00:00:00', 'Aminutos de salir para el Gigante de Arroyito, Miguel Ángel Russo debió reacomodar el equipo por una baja sensible: Iker Muniain, que había viajado y formaba parte del probable once de San Lorenzo, sufrió una molestia en el aductor que lo deja fuera del partido. El cuerpo técnico prefirió no arriesgarlo y terminó quedando relegado para el partido en Rosario. Así las cosas, su lugar lo ocupará Nahuel Bustos, quien vuelve a ser titular por tercer partido consecutivo.\r\nDesde que llegó a San Lorenzo, es el centro de la escena. Y en Rosario no fue la excepción: el furor por el Vasco se va propagando por todo el país. Este viernes, cuando el equipo llegó a la ciudad de la bandera, una muchedumbre de fanáticos azulgrana -y otros tantos futboleros- se acercaron para darle la bienvenida al plantel de Russo y, en especial, a él. El ídolo de chicos y grandes, al que le piden más fotos y más autógrafos. Y cuando el furor es grande, una noticia como estas cae cual baldazo de agua fría para todo rosarino que esperaba verlo jugar en su ciudad.\r\nPara Russo, este no será un partido más. Estará lleno de emociones porque volverá a pisar el estadio del club que más veces dirigió, al que devolvió a Primera en la temporada 2012/2013 y con el que fue campeón de la Copa de la Liga del año pasado.\r\n\r\nClaro que hoy la cabeza del entrenador está puesta en el Ciclón, que viene atravesando un 2024 complicado y aunque su ciclo viene bastante bien (dirigió cuatro encuentros y ganó dos, empató uno y perdió el otro). Entre esa presión de sumar victorias que den oxígeno y cambien la onda general, el entrenador busca que su equipo se aferre a una idea y mejore su funcionamiento. Pero por el momento, prefiere seguir dándole rodaje a los que vienen jugando y, más allá de la última variante por la lesión de Muniain, no hará cambios...\r\n\r\nDe todos modos, está claro que una de las cuestiones que quiere modificar es el armado del mediocampo, por eso viene probando algunas variantes, como fue el ingreso al equipo de Santiago Sosa. Y ahora, en los ensayos previos al partido, le dio bastante lugar al juvenil Tomás Porra, quien estará en el banco pero, ante la ausencia de Irala (expulsado frente al Pincha), cuenta con chances serias de sumar minutos.\r\n', '', '', '', '', '', 'Fútbol | Noticias', 3, '.', 0);

-- --------------------------------------------------------

--
-- Estructura de tabla para la tabla `clubes`
--

CREATE TABLE `clubes` (
  `id_club` int(11) NOT NULL,
  `nombre` varchar(100) NOT NULL
) ENGINE=InnoDB DEFAULT CHARSET=utf8mb4 COLLATE=utf8mb4_general_ci;

--
-- Volcado de datos para la tabla `clubes`
--

INSERT INTO `clubes` (`id_club`, `nombre`) VALUES
(1, 'Boca'),
(2, 'River'),
(3, 'San Lorenzo'),
(4, 'Racing'),
(5, 'Independiente');

-- --------------------------------------------------------

--
-- Estructura de tabla para la tabla `comentarios`
--

CREATE TABLE `comentarios` (
  `id_comentario` int(11) NOT NULL,
  `id_articulo` int(11) NOT NULL,
  `id_usuario` int(11) NOT NULL,
  `fecha` datetime NOT NULL,
  `comentario` varchar(500) NOT NULL
) ENGINE=InnoDB DEFAULT CHARSET=utf8mb4 COLLATE=utf8mb4_general_ci;

-- --------------------------------------------------------

--
-- Estructura de tabla para la tabla `usuarios`
--

CREATE TABLE `usuarios` (
  `id_usuario` int(11) NOT NULL,
  `usuario` varchar(50) NOT NULL,
  `password` varchar(255) NOT NULL,
  `nombre` varchar(50) NOT NULL,
  `apellido` varchar(50) NOT NULL,
  `email` varchar(200) NOT NULL,
  `status` tinyint(1) NOT NULL,
  `avatar` varchar(255) NOT NULL,
  `fecha_alta` date NOT NULL
) ENGINE=InnoDB DEFAULT CHARSET=utf8mb4 COLLATE=utf8mb4_general_ci;

--
-- Volcado de datos para la tabla `usuarios`
--

INSERT INTO `usuarios` (`id_usuario`, `usuario`, `password`, `nombre`, `apellido`, `email`, `status`, `avatar`, `fecha_alta`) VALUES
(5, 'mambreta232', 'fedeeselmejor', 'Federico', 'Gambarte', 'fedetetas@hotmail.com', 1, 'avatar', '2024-09-24'),
(6, 'mambreta232', 'PEPE', 'Federico', 'Gambarte', 'fedetetas@hotmail.com', 1, 'avatar', '2024-09-24'),
(7, '', '', '', '', '', 1, 'avatar', '2024-09-24'),
(8, '', '', '', '', '', 1, 'avatar', '2024-09-24'),
(9, 'pepe', 'er', 'Federico', 'Gambarte', 'fedetetas@hotmail.com', 1, 'avatar', '2024-09-24'),
(10, '', '', '', '', '', 1, 'avatar', '2024-09-24'),
(11, 'naraol', 'naraolave', 'nara', 'olave', 'naritaolave88@gmail.com', 1, 'avatar', '2024-10-03'),
(12, 'messi', 'messi', 'messi', 'messi', 'fedetetas@hotmail.com', 1, 'avatar', '2024-10-29');

-- --------------------------------------------------------

--
-- Estructura de tabla para la tabla `videos`
--

CREATE TABLE `videos` (
  `id` int(11) NOT NULL,
  `video` mediumtext NOT NULL
) ENGINE=InnoDB DEFAULT CHARSET=utf8mb4 COLLATE=utf8mb4_general_ci;

--
-- Volcado de datos para la tabla `videos`
--

INSERT INTO `videos` (`id`, `video`) VALUES
(1, '<iframe width=\"600\" height=\"325\" src=\"https://www.youtube.com/embed/cN7sdEkVuwQ\" title=\"EL MEJOR GOL POR MINUTO DEL FÚTBOL ARGENTINO ( PRIMER TIEMPO )\" frameborder=\"0\" allow=\"accelerometer; autoplay; clipboard-write; encrypted-media; gyroscope; picture-in-picture; web-share\" referrerpolicy=\"strict-origin-when-cross-origin\" allowfullscreen></iframe>'),
(2, '<iframe width=\"600\" height=\"325\" src=\"https://www.youtube.com/embed/7uaT4t3Xklo\" title=\"TIRO LIBRE AGONICOS EN EL FÚTBOL ARGENTINO...\" frameborder=\"0\" allow=\"accelerometer; autoplay; clipboard-write; encrypted-media; gyroscope; picture-in-picture; web-share\" referrerpolicy=\"strict-origin-when-cross-origin\" allowfullscreen></iframe>\r\n'),
(3, '<iframe width=\"600\" height=\"325\" src=\"https://www.youtube.com/embed/gJMRvX1dtEo\" title=\"LOS GOLES MÁS HUMILLANTES DEL FÚTBOL ARGENTINO...\" frameborder=\"0\" allow=\"accelerometer; autoplay; clipboard-write; encrypted-media; gyroscope; picture-in-picture; web-share\" referrerpolicy=\"strict-origin-when-cross-origin\" allowfullscreen></iframe>\r\n'),
(4, '<iframe width=\"600\" height=\"325\" src=\"https://www.youtube.com/embed/Kq3XRex4280\" title=\"Las MEJORES PATADAS del FUTBOL ARGENTINO\" frameborder=\"0\" allow=\"accelerometer; autoplay; clipboard-write; encrypted-media; gyroscope; picture-in-picture; web-share\" referrerpolicy=\"strict-origin-when-cross-origin\" allowfullscreen></iframe>'),
(5, '<iframe width=\"600\" height=\"325\" src=\"https://www.youtube.com/embed/AGwsRZYE4O4\" title=\"LOS CAÑOS Y LUJOS MÁS HUMILLANTES DEL FÚTBOL ARGENTINO\" frameborder=\"0\" allow=\"accelerometer; autoplay; clipboard-write; encrypted-media; gyroscope; picture-in-picture; web-share\" referrerpolicy=\"strict-origin-when-cross-origin\" allowfullscreen></iframe>');

--
-- Índices para tablas volcadas
--

--
-- Indices de la tabla `articulos`
--
ALTER TABLE `articulos`
  ADD PRIMARY KEY (`id_articulos`),
  ADD KEY `id_club` (`id_club`);

--
-- Indices de la tabla `clubes`
--
ALTER TABLE `clubes`
  ADD PRIMARY KEY (`id_club`);

--
-- Indices de la tabla `comentarios`
--
ALTER TABLE `comentarios`
  ADD PRIMARY KEY (`id_comentario`),
  ADD KEY `id_articulo` (`id_articulo`),
  ADD KEY `id_usuario` (`id_usuario`);

--
-- Indices de la tabla `usuarios`
--
ALTER TABLE `usuarios`
  ADD PRIMARY KEY (`id_usuario`);

--
-- Indices de la tabla `videos`
--
ALTER TABLE `videos`
  ADD PRIMARY KEY (`id`);

--
-- AUTO_INCREMENT de las tablas volcadas
--

--
-- AUTO_INCREMENT de la tabla `articulos`
--
ALTER TABLE `articulos`
  MODIFY `id_articulos` int(11) NOT NULL AUTO_INCREMENT, AUTO_INCREMENT=73;

--
-- AUTO_INCREMENT de la tabla `clubes`
--
ALTER TABLE `clubes`
  MODIFY `id_club` int(11) NOT NULL AUTO_INCREMENT, AUTO_INCREMENT=6;

--
-- AUTO_INCREMENT de la tabla `comentarios`
--
ALTER TABLE `comentarios`
  MODIFY `id_comentario` int(11) NOT NULL AUTO_INCREMENT;

--
-- AUTO_INCREMENT de la tabla `usuarios`
--
ALTER TABLE `usuarios`
  MODIFY `id_usuario` int(11) NOT NULL AUTO_INCREMENT, AUTO_INCREMENT=13;

--
-- AUTO_INCREMENT de la tabla `videos`
--
ALTER TABLE `videos`
  MODIFY `id` int(11) NOT NULL AUTO_INCREMENT, AUTO_INCREMENT=6;
COMMIT;

/*!40101 SET CHARACTER_SET_CLIENT=@OLD_CHARACTER_SET_CLIENT */;
/*!40101 SET CHARACTER_SET_RESULTS=@OLD_CHARACTER_SET_RESULTS */;
/*!40101 SET COLLATION_CONNECTION=@OLD_COLLATION_CONNECTION */;
